Workbook

Sheet Read Me
A1: Gym Exercise Compendium & Workout Builder
A4: The sheets
A5: Exercise Library | B5: 167 exercises: equipment, movement pattern, primary and secondary muscle groups, and a prescription profile. Add your own rows at the bottom.
A6: Warm-Up Library | B6: 49 drills, each tagged with the movement pattern or muscle group that should trigger it, a phase, a priority and a duration.
A7: Mobility Library | B7: 43 mobility exercises, all doable on a yoga mat with no equipment. Tagged by target muscle group.
A8: Prescriptions | B8: The engine. Per profile and goal: sets, reps, load, rest — plus the numbers used for the time estimate. Edit these and every workout sheet follows.
A9: Workout A / B / C | B9: Warm-up, main session, cool-down and a time estimate on one page. Copy a tab (right-click → Move or Copy) for more sessions.
A10: Training Log | B10: One row per set. Volume and estimated 1RM calculate themselves.
A11: Progress | B11: Automatic summary per exercise: best estimated 1RM, heaviest set, total volume, last trained.
A13: How the warm-up builds itself
A14: Step 1 | B14: You pick your main exercises. Their movement patterns and muscle groups are what the warm-up reacts to — choose a squat and the squat drills become available, choose a carry and grip prep appears.
A15: Step 2 | B15: You set a warm-up budget in minutes. The sheet works down the drill list in priority order and keeps adding until the budget runs out. Low budget means you get the general raise and your ramp-up sets; a bigger budget buys mobility and activation work on top.
A16: Step 3 | B16: Nothing is locked. Widen the budget, or reorder the Priority column in the Warm-Up Library if you disagree with what gets cut first.
A17: Cool-down | B17: Works the same way, but triggers off the muscle groups you actually trained — primary and secondary. Set the budget to 0 if you want to skip it.
A19: How the time estimate works
A20: Per exercise | B20: Sets × (work time per set + rest) + set-up time. The three numbers come from the Prescriptions sheet, so a strength session with 4-minute rests estimates far longer than the same exercises done for endurance.
A21: Set-up time | B21: A flat allowance per exercise for walking over, loading the bar and adjusting the machine. It sits on the Prescriptions sheet — 90 seconds by default. Raise it for a busy gym.
A22: Total | B22: Warm-up + main session + cool-down, shown in minutes and as h:mm. Treat it as ±15%: it can't know how long you spend chatting or waiting for a rack.
A24: Colour legend
A25: Yellow cells | B25: You type here.
A26: Grey cells | B26: Calculated — don't overwrite, or you break the automation.
A27: White cells | B27: Reference data you can edit if you want to.
A29: Notes on the numbers
A30: Loads | B30: All loads in kilograms. Percentages refer to your one-rep max for that exercise. Suggested kilos are rounded to the nearest 2.5 kg. Back Squat has an example 1RM of 100 kg filled in so you can see the automation working — replace it with your own.
A31: Estimated 1RM | B31: Training Log column I uses the Epley formula: weight × (1 + reps ÷ 30). Reliable up to about 10 reps, optimistic above that.
A32: Carries | B32: For carry exercises, 'Your 1RM' means the heaviest total load you can carry for roughly 20 m.
A33: Bodyweight & plyometrics | B33: No percentage is prescribed — these are governed by quality and speed, not load.
A34: Prescription source | B34: Set/rep/load/rest ranges follow standard strength & conditioning practice (ACSM and NSCA resistance-training guidelines). Starting points, not prescriptions.

Sheet Exercise Library
A1: Exercise Library
A2: Add your own exercises on the first empty row. Use the same wording for Equipment, Movement pattern, Primary muscle and Prescription profile as the rows above, or the workout sheets won't find them.
A4: ID | B4: Exercise | C4: Övning (SV) | D4: Equipment | E4: Movement pattern | F4: Primary muscle | G4: Secondary muscles | H4: Prescription profile | I4: Cue / note | J4: Your 1RM (kg)
A5: 1 | B5: Back Squat | C5: Knäböj | D5: Barbell | E5: Squat | F5: Quads | G5: Glutes, Hamstrings, Core | H5: Heavy compound | I5: Brace before you unrack; knees track over toes. [1RM = example value, replace it] | J5: 100
A6: 2 | B6: Front Squat | C6: Frontböj | D6: Barbell | E6: Squat | F6: Quads | G6: Core, Glutes, Back | H6: Heavy compound | I6: Elbows high; upright torso.
A7: 3 | B7: Pause Squat | C7: Pausknäböj | D7: Barbell | E7: Squat | F7: Quads | G7: Glutes, Core | H7: Heavy compound | I7: 2–3 s pause in the hole, stay tight.
A8: 4 | B8: Box Squat | C8: Boxknäböj | D8: Barbell | E8: Squat | F8: Quads | G8: Glutes, Hamstrings | H8: Heavy compound | I8: Sit back to the box, don't relax on it.
A9: 5 | B9: Overhead Squat | C9: Överhuvudböj | D9: Barbell | E9: Squat | F9: Quads | G9: Shoulders, Core, Back | H9: Compound | I9: Mobility-limited for most; start with a stick.
A10: 6 | B10: Zercher Squat | C10: Zercherböj | D10: Barbell | E10: Squat | F10: Quads | G10: Core, Back, Biceps | H10: Compound | I10: Bar in elbow crease; use a towel for comfort.
A11: 7 | B11: Safety Bar Squat | C11: Knäböj med safety bar | D11: Barbell | E11: Squat | F11: Quads | G11: Glutes, Back | H11: Heavy compound | I11: Shoulder-friendly squat variation.
A12: 8 | B12: Goblet Squat | C12: Gobletböj | D12: Dumbbell/Kettlebell | E12: Squat | F12: Quads | G12: Glutes, Core | H12: Compound | I12: Great teaching tool and warm-up.
A13: 9 | B13: Hack Squat (Machine) | C13: Hackböj i maskin | D13: Machine | E13: Squat | F13: Quads | G13: Glutes | H13: Compound | I13: Fixed path; heavy quad emphasis.
A14: 10 | B14: Leg Press | C14: Benpress | D14: Machine | E14: Squat | F14: Quads | G14: Glutes, Hamstrings | H14: Compound | I14: Don't let the lower back round at the bottom.
A15: 11 | B15: Belt Squat | C15: Bältesböj | D15: Machine | E15: Squat | F15: Quads | G15: Glutes | H15: Compound | I15: Loads the legs without loading the spine.
A16: 12 | B16: Bodyweight Squat | C16: Kroppsviktsböj | D16: Bodyweight | E16: Squat | F16: Quads | G16: Glutes, Core | H16: Compound | I16: Warm-up and endurance staple.
A17: 13 | B17: Pistol Squat | C17: Pistolböj | D17: Bodyweight | E17: Squat | F17: Quads | G17: Glutes, Core | H17: Compound | I17: Assist with a band or counterweight to learn.
... A124: 120 | B124: Ab Wheel Rollout | C124: Rullhjul | D124: Bodyweight/Rings | E124: Core/Anti-movement | F124: Core | G124: Back, Shoulders | H124: Core | I124: Anti-extension; go only as far as you can brace.
A125: 121 | B125: Cable Crunch | C125: Kabelcrunch | D125: Cable | E125: Core/Anti-movement | F125: Core | H125: Core | I125: Flex the spine, don't hinge at the hips.
A126: 122 | B126: Russian Twist | C126: Rysk twist | D126: Bodyweight/Rings | E126: Core/Anti-movement | F126: Core | G126: Shoulders | H126: Core | I126: Rotate from the trunk, chest follows hands.
A127: 123 | B127: Hollow Body Hold | C127: Hollow hold | D127: Bodyweight/Rings | E127: Core/Anti-movement | F127: Core | G127: Quads | H127: Core | I127: Lower back pressed down throughout.
A128: 124 | B128: Copenhagen Plank | C128: Köpenhamnsplanka | D128: Bodyweight/Rings | E128: Core/Anti-movement | F128: Adductors | G128: Core | H128: Core | I128: Strong groin/adductor builder; start short.
A129: 125 | B129: Reverse Crunch | C129: Omvänd crunch | D129: Bodyweight/Rings | E129: Core/Anti-movement | F129: Core | H129: Core | I129: Curl the pelvis up, don't just swing the legs.
A130: 126 | B130: Landmine Rotation | C130: Landminerotation | D130: Barbell | E130: Core/Anti-movement | F130: Core | G130: Shoulders, Glutes | H130: Core | I130: Let the feet pivot.
A131: 127 | B131: L-Sit | C131: L-sit | D131: Bodyweight/Rings | E131: Core/Anti-movement | F131: Core | G131: Triceps, Quads | H131: Core | I131: Push the floor away; depress the shoulders.
A132: 128 | B132: Ring Support Hold | C132: Stödhäng i ringar | D132: Bodyweight/Rings | E132: Core/Anti-movement | F132: Shoulders | G132: Core, Triceps | H132: Core | I132: Rings turned out, arms locked.
A133: 129 | B133: Bear Crawl | C133: Björngång | D133: Bodyweight/Rings | E133: Core/Anti-movement | F133: Core | G133: Shoulders, Quads | H133: Core | I133: Hips low, knees hovering.
A134: 130 | B134: Farmer's Walk | C134: Farmer's walk | D134: Dumbbell/Kettlebell | E134: Carry | F134: Traps | G134: Forearms, Core, Glutes | H134: Carry | I134: Tall posture; grip usually fails first.
A135: 131 | B135: Suitcase Carry | C135: Resväskebärning | D135: Dumbbell/Kettlebell | E135: Carry | F135: Core | G135: Traps, Forearms | H135: Carry | I135: Anti-lateral flexion; don't lean.
A136: 132 | B136: Front Rack Carry | C136: Frontrackbärning | D136: Dumbbell/Kettlebell | E136: Carry | F136: Core | G136: Back, Shoulders | H136: Carry | I136: Elbows up, ribs down.
A137: 133 | B137: Overhead Carry | C137: Överhuvudbärning | D137: Dumbbell/Kettlebell | E137: Carry | F137: Shoulders | G137: Core, Traps | H137: Carry | I137: Locked elbows, active shoulders.
A138: 134 | B138: Zercher Carry | C138: Zercherbärning | D138: Barbell | E138: Carry | F138: Core | G138: Back, Quads | H138: Carry | I138: Very high trunk demand.
A139: 135 | B139: Sled Push | C139: Slädpress | D139: Machine | E139: Carry | F139: Quads | G139: Glutes, Calves | H139: Carry | I139: No eccentric — easy to recover from.
A140: 136 | B140: Sled Drag | C140: Slädsläp | D140: Machine | E140: Carry | F140: Hamstrings | G140: Glutes, Quads | H140: Carry | I140: Backwards drag is great for the knees.
A141: 137 | B141: Barbell Curl | C141: Skivstångscurl | D141: Barbell | E141: Isolation | F141: Biceps | G141: Forearms | H141: Isolation | I141: Elbows pinned to the sides.
... A147: 143 | B147: Reverse Curl | C147: Omvänd curl | D147: Barbell | E147: Isolation | F147: Forearms | G147: Biceps | H147: Isolation | I147: Pronated grip; builds forearm mass.
A148: 144 | B148: Triceps Pushdown | C148: Triceps pushdown | D148: Cable | E148: Isolation | F148: Triceps | H148: Isolation | I148: Elbows still, full lockout.
A149: 145 | B149: Overhead Triceps Extension | C149: Fransk press | D149: Dumbbell/Kettlebell | E149: Isolation | F149: Triceps | H149: Isolation | I149: Stretches the long head.
A150: 146 | B150: Skull Crusher | C150: Skullcrusher | D150: Barbell | E150: Isolation | F150: Triceps | H150: Isolation | I150: Lower behind the head, not to the nose.
A151: 147 | B151: Triceps Kickback | C151: Triceps kickback | D151: Dumbbell/Kettlebell | E151: Isolation | F151: Triceps | H151: Isolation | I151: Light weight, peak contraction.
A152: 148 | B152: Wrist Curl | C152: Handledscurl | D152: Dumbbell/Kettlebell | E152: Isolation | F152: Forearms | H152: Isolation | I152: High reps; grip and forearm health.
A153: 149 | B153: Dead Hang | C153: Hängning i stång | D153: Bodyweight/Rings | E153: Isolation | F153: Forearms | G153: Back, Shoulders | H153: Core | I153: Grip and shoulder decompression.
A154: 150 | B154: Lateral Raise | C154: Sidolyft | D154: Dumbbell/Kettlebell | E154: Isolation | F154: Shoulders | G154: Traps | H154: Isolation | I154: Lead with the elbows; stay light.
A155: 151 | B155: Cable Lateral Raise | C155: Sidolyft i kabel | D155: Cable | E155: Isolation | F155: Shoulders | G155: Traps | H155: Isolation | I155: Tension at the bottom too.
A156: 152 | B156: Front Raise | C156: Framlyft | D156: Dumbbell/Kettlebell | E156: Isolation | F156: Shoulders | H156: Isolation | I156: Often already covered by pressing.
A157: 153 | B157: Upright Row | C157: Stående rodd | D157: Barbell | E157: Isolation | F157: Traps | G157: Shoulders, Biceps | H157: Isolation | I157: Wider grip is friendlier on the shoulders.
A158: 154 | B158: Barbell Shrug | C158: Shrugs med skivstång | D158: Barbell | E158: Isolation | F158: Traps | G158: Forearms | H158: Isolation | I158: Straight up and down; pause at the top.
A159: 155 | B159: Dumbbell Shrug | C159: Shrugs med hantlar | D159: Dumbbell/Kettlebell | E159: Isolation | F159: Traps | G159: Forearms | H159: Isolation | I159: Greater range than the barbell version.
A160: 156 | B160: External Rotation | C160: Utåtrotation | D160: Bands | E160: Isolation | F160: Shoulders | G160: Back | H160: Isolation | I160: Rotator cuff; light and high rep.
A161: 157 | B161: Band Face Pull | C161: Face pull med band | D161: Bands | E161: Isolation | F161: Shoulders | G161: Back, Traps | H161: Isolation | I161: Great daily shoulder health filler.
A162: 158 | B162: Leg Extension | C162: Benspark | D162: Machine | E162: Isolation | F162: Quads | H162: Isolation | I162: Pause at lockout for rectus femoris.
A163: 159 | B163: Lying Leg Curl | C163: Lårcurl liggande | D163: Machine | E163: Isolation | F163: Hamstrings | G163: Calves | H163: Isolation | I163: Hips down; don't lift off the pad.
A164: 160 | B164: Seated Leg Curl | C164: Lårcurl sittande | D164: Machine | E164: Isolation | F164: Hamstrings | H164: Isolation | I164: Hamstrings stretched at the hip — strong stimulus.
A165: 161 | B165: Standing Calf Raise | C165: Stående vadpress | D165: Machine | E165: Isolation | F165: Calves | H165: Isolation | I165: Full stretch at the bottom, pause at the top.
A166: 162 | B166: Seated Calf Raise | C166: Sittande vadpress | D166: Machine | E166: Isolation | F166: Calves | H166: Isolation | I166: Targets soleus with the knee bent.
A167: 163 | B167: Hip Abduction | C167: Höftabduktion | D167: Machine | E167: Isolation | F167: Glutes | H167: Isolation | I167: Glute medius; lean forward slightly.
A168: 164 | B168: Hip Adduction | C168: Höftadduktion | D168: Machine | E168: Isolation | F168: Adductors | H168: Isolation | I168: Groin strength; useful for skiing and skating.
A169: 165 | B169: Cable Glute Kickback | C169: Kabelspark bakåt | D169: Cable | E169: Isolation | F169: Glutes | G169: Hamstrings | H169: Isolation | I169: Squeeze at the top, no lumbar extension.
A170: 166 | B170: Banded Monster Walk | C170: Monster walk med band | D170: Bands | E170: Isolation | F170: Glutes | G170: Quads | H170: Isolation | I170: Warm-up staple for hips and knees.
A171: 167 | B171: Tibialis Raise | C171: Tibialislyft | D171: Bodyweight/Rings | E171: Isolation | F171: Calves | H171: Isolation | I171: Balances the calves; good for runners.

Sheet Warm-Up Library
A1: Warm-Up Library
A2: Trigger decides when a drill appears: 'Always', a movement pattern, or a muscle group. Priority decides what survives a tight time budget — 1 is kept first, 8 is dropped first. Phase order decides the order the drills are listed in once selected.
A4: ID | B4: Drill | C4: Övning (SV) | D4: Phase | E4: Phase order | F4: Trigger | G4: Priority | H4: Minutes | I4: How to do it
A5: 1 | B5: Easy cardio | C5: Lätt konditionsarbete | D5: 1 Raise | E5: 1 | F5: Always | G5: 1 | H5: 4 | I5: Bike, row or ski erg at a conversational pace until you break a light sweat.
A6: 2 | B6: Joint circles | C6: Ledcirklar | D6: 2 Mobilise | E6: 2 | F6: Always | G6: 5 | H6: 2 | I6: Ankles, hips, thoracic spine, shoulders. 10 slow circles each direction.
A7: 3 | B7: World's Greatest Stretch | C7: World's greatest stretch | D7: 2 Mobilise | E7: 2 | F7: Always | G7: 4 | H7: 3 | I7: Lunge, elbow to instep, rotate open. 5 per side, no rush.
A8: 4 | B8: Specific ramp-up sets | C8: Uppvärmningsset | D8: 4 Specific | E8: 4 | F8: Always | G8: 2 | H8: 5 | I8: 2–4 progressively heavier sets of your first main lift: roughly 40%, 60%, 80% of the working weight.
A9: 5 | B9: Deep squat hold | C9: Djup knäböjshållning | D9: 2 Mobilise | E9: 2 | F9: Squat | G9: 5 | H9: 2 | I9: Bodyweight or light goblet. Sit in the bottom for 30 s, 3 rounds, gently pushing the knees out.
A10: 6 | B10: Ankle rock-forward | C10: Fotledsrockning | D10: 2 Mobilise | E10: 2 | F10: Squat | G10: 6 | H10: 2 | I10: Half-kneeling, drive the knee forward over the toes. 15 per side.
A11: 7 | B11: Bodyweight squat | C11: Kroppsviktsböj | D11: 3 Activate | E11: 3 | F11: Squat | G11: 3 | H11: 2 | I11: 15 slow reps, pausing 2 s at the bottom of each.
A12: 8 | B12: Banded monster walk | C12: Monster walk med band | D12: 3 Activate | E12: 3 | F12: Squat | G12: 4 | H12: 2 | I12: Band above the knees. 15 steps forward, 15 back, 15 each side.
A13: 9 | B13: Cat-camel | C13: Katt och kamel | D13: 2 Mobilise | E13: 2 | F13: Hinge | G13: 5 | H13: 2 | I13: 10 slow cycles, moving one segment of the spine at a time.
A14: 10 | B14: Glute bridge | C14: Bäckenlyft | D14: 3 Activate | E14: 3 | F14: Hinge | G14: 3 | H14: 2 | I14: 15 reps with a 2 s squeeze at the top. Ribs down.
A15: 11 | B15: Light RDL | C15: Lätt rumänsk marklyft | D15: 3 Activate | E15: 3 | F15: Hinge | G15: 4 | H15: 2 | I15: Empty bar or light kettlebell. 12 reps grooving the hinge pattern.
A16: 12 | B16: 90/90 hip switch | C16: 90/90 höftväxling | D16: 2 Mobilise | E16: 2 | F16: Hinge | G16: 6 | H16: 3 | I16: Seated, rotate both knees side to side. 10 per side, chest tall.
... A53: 49 | B53: Wrist prep | C53: Handledsförberedelse | D53: 2 Mobilise | E53: 2 | F53: Forearms | G53: 8 | H53: 2 | I53: Kneeling wrist rocks, palms down then palms up. 15 each.

Sheet Mobility Library
A1: Mobility Library
A2: Everything here needs a yoga mat and nothing else. Target decides when an exercise is suggested as a cool-down: 'Always', or a muscle group you trained that session. Filter the Target column to build a standalone mobility session on a rest day.
A4: ID | B4: Exercise | C4: Övning (SV) | D4: Type | E4: Type order | F4: Target | G4: Priority | H4: Minutes | I4: How to do it
A5: 1 | B5: Cat-Cow | C5: Katt och ko | D5: Flow | E5: 1 | F5: Always | G5: 1 | H5: 2 | I5: On all fours. Inhale into extension, exhale into flexion. 10 slow cycles.
A6: 2 | B6: Downward Dog | C6: Nedåtgående hund | D6: Flow | E6: 1 | F6: Always | G6: 2 | H6: 2 | I6: Press the floor away, pedal the heels. Hold 60 s, twice.
A7: 3 | B7: Cobra to Child's Pose | C7: Kobra till barnets position | D7: Flow | E7: 1 | F7: Always | G7: 3 | H7: 3 | I7: Flow between the two on the breath. 8 rounds, 5 s in each end position.
A8: 4 | B8: Child's Pose | C8: Barnets position | D8: Wind-down | E8: 5 | F8: Always | G8: 4 | H8: 2 | I8: Knees wide, arms long, forehead down. Breathe into the back ribs for 90 s.
A9: 5 | B9: Legs Up the Wall | C9: Ben upp mot väggen | D9: Wind-down | E9: 5 | F9: Always | G9: 6 | H9: 3 | I9: Hips close to the wall, legs vertical. 3 minutes, nothing else to do.
A10: 6 | B10: Box Breathing | C10: Boxandning | D10: Wind-down | E10: 5 | F10: Always | G10: 7 | H10: 3 | I10: Supine, knees bent. In 4, hold 4, out 4, hold 4. 3 minutes.
A11: 7 | B11: 90/90 Breathing | C11: 90/90-andning | D11: Wind-down | E11: 5 | F11: Always | G11: 6 | H11: 3 | I11: Feet on a wall or a chair, low back flat. 10 slow breaths, ribs down.
A12: 8 | B12: Pigeon Pose | C12: Duvan | D12: Lower body | E12: 2 | F12: Glutes | G12: 2 | H12: 3 | I12: Front shin angled across the mat, hips square. 90 s per side.
A13: 9 | B13: Supine Figure-4 | C13: Liggande figur-4 | D13: Lower body | E13: 2 | F13: Glutes | G13: 2 | H13: 2 | I13: Ankle across the opposite knee, pull the back thigh in. 60 s per side.
A14: 10 | B14: Happy Baby | C14: Glada barnet | D14: Lower body | E14: 2 | F14: Glutes | G14: 4 | H14: 2 | I14: Grab the outsides of the feet, knees toward the armpits. 90 s.
A15: 11 | B15: 90/90 Hip Switch | C15: 90/90 höftväxling | D15: Lower body | E15: 2 | F15: Glutes | G15: 3 | H15: 3 | I15: Rotate the knees side to side without using the hands. 10 per side.
A16: 12 | B16: Half-Kneeling Quad Stretch | C16: Quadstretch i halvknästående | D16: Lower body | E16: 2 | F16: Quads | G16: 2 | H16: 2 | I16: Rear foot lifted, pelvis tucked hard. 60 s per side.
... A47: 43 | B47: Prone Press-Up Breathing | C47: Liggande pressandning | D47: Wind-down | E47: 5 | F47: Core | G47: 4 | H47: 2 | I47: Sphinx position, 10 slow breaths letting the abdomen relax completely.

Sheet Prescriptions
A1: Prescriptions — sets, reps, load, rest and timing by profile and goal
A2: These numbers drive every workout sheet. Columns K–M are used only for the time estimate: how many sets you typically do, how long a set takes, and how long you rest.
A4: Key (do not edit) | B4: Prescription profile | C4: Goal | D4: Sets | E4: Reps | F4: Load | G4: Load min | H4: Load max | I4: Rest | J4: Coaching note | K4: Sets (avg) | L4: Work per set (s) | M4: Rest (avg, s)
A5: =B5&"|"&C5 -> Heavy compound|Explosivity | B5: Heavy compound | C5: Explosivity | D5: 4–6 | E5: 2–3 | F5: 50–70% of 1RM | G5: 0.5 | H5: 0.7 | I5: 2–3 min | J5: Maximal intent every rep. End the set when bar speed drops. | K5: 5 | L5: 12 | M5: 150
A6: =B6&"|"&C6 -> Heavy compound|Strength | B6: Heavy compound | C6: Strength | D6: 3–5 | E6: 3–6 | F6: 80–90% of 1RM | G6: 0.8 | H6: 0.9 | I6: 3–5 min | J6: RPE 7–9. Leave 1–2 reps in reserve on most sets. | K6: 4 | L6: 20 | M6: 240
A7: =B7&"|"&C7 -> Heavy compound|Muscular endurance | B7: Heavy compound | C7: Muscular endurance | D7: 2–4 | E7: 12–20 | F7: 50–65% of 1RM | G7: 0.5 | H7: 0.65 | I7: 45–90 s | J7: Stop 2–3 reps short of failure; keep technique clean. | K7: 3 | L7: 50 | M7: 68
A8: =B8&"|"&C8 -> Compound|Explosivity | B8: Compound | C8: Explosivity | D8: 4–5 | E8: 3–5 | F8: 40–60% of 1RM | G8: 0.4 | H8: 0.6 | I8: 2–3 min | J8: Accelerate through the whole concentric. | K8: 4.5 | L8: 15 | M8: 150
A9: =B9&"|"&C9 -> Compound|Strength | B9: Compound | C9: Strength | D9: 3–4 | E9: 5–8 | F9: 75–85% of 1RM | G9: 0.75 | H9: 0.85 | I9: 2–3 min | J9: RPE 7–9. Add load when the top of the rep range feels easy. | K9: 3.5 | L9: 25 | M9: 150
A10: =B10&"|"&C10 -> Compound|Muscular endurance | B10: Compound | C10: Muscular endurance | D10: 2–4 | E10: 12–20 | F10: 50–60% of 1RM | G10: 0.5 | H10: 0.6 | I10: 45–75 s | J10: Short rest, controlled tempo, no cheating. | K10: 3 | L10: 50 | M10: 60
A11: =B11&"|"&C11 -> Isolation|Explosivity | B11: Isolation | C11: Explosivity | D11: — | E11: — | F11: Not applicable | G11: 0 | H11: 0 | I11: — | J11: Train explosiveness on compound and Olympic lifts instead. | K11: 0 | L11: 0 | M11: 0
A12: =B12&"|"&C12 -> Isolation|Strength | B12: Isolation | C12: Strength | D12: 3–4 | E12: 6–12 | F12: 70–80% of 1RM | G12: 0.7 | H12: 0.8 | I12: 90–120 s | J12: RPE 8–9. Full range of motion beats extra load. | K12: 3.5 | L12: 30 | M12: 105
A13: =B13&"|"&C13 -> Isolation|Muscular endurance | B13: Isolation | C13: Muscular endurance | D13: 2–3 | E13: 15–25 | F13: 40–55% of 1RM | G13: 0.4 | H13: 0.55 | I13: 30–60 s | J13: Strict form; take these close to failure. | K13: 2.5 | L13: 50 | M13: 45
A14: =B14&"|"&C14 -> Olympic lift|Explosivity | B14: Olympic lift | C14: Explosivity | D14: 5–8 | E14: 1–3 | F14: 70–85% of 1RM | G14: 0.7 | H14: 0.85 | I14: 2–3 min | J14: Quality over quantity. End the session when technique slips. | K14: 6.5 | L14: 10 | M14: 150
A15: =B15&"|"&C15 -> Olympic lift|Strength | B15: Olympic lift | C15: Strength | D15: 4–6 | E15: 2–3 | F15: 85–92% of 1RM | G15: 0.85 | H15: 0.92 | I15: 3–4 min | J15: Heavy singles and doubles; only with solid technique. | K15: 5 | L15: 8 | M15: 210
A16: =B16&"|"&C16 -> Olympic lift|Muscular endurance | B16: Olympic lift | C16: Muscular endurance | D16: 3–5 | E16: 6–10 | F16: 55–65% of 1RM | G16: 0.55 | H16: 0.65 | I16: 60–90 s | J16: Complexes only. Stop the moment form degrades. | K16: 4 | L16: 25 | M16: 75
... A25: =B25&"|"&C25 -> Carry|Muscular endurance | B25: Carry | C25: Muscular endurance | D25: 2–4 | E25: 60–100 m | F25: 40–55% of max carry | G25: 0.4 | H25: 0.55 | I25: 60–90 s | J25: Long unbroken distance. | K25: 3 | L25: 60 | M25: 75
A27: Time assumptions
A28: Set-up and transition per exercise (seconds) | D28: 90 | E28: Walking over, loading the bar, adjusting the machine. Raise it for a busy gym.

Sheet Workout A
A1: Workout Builder — Workout A
A3: Workout name | B3: Lower body — heavy | D3: Pick your main exercises first (they drive the warm-up and cool-down), then set the goal and the time budgets.
A4: Date
A5: Goal | B5: Strength
A6: Warm-up budget (min) | B6: 15
A7: Cool-down budget (min) | B7: 8
A8: Session note | B8: Bar speed felt good, add 2.5 kg next week
A10: WARM-UP — builds itself from the movement patterns and muscles below
A11: # | B11: Drill | C11: Phase | D11: Triggered by | E11: Min | F11: How to do it
A12: 1 | B12: =IFERROR(INDEX(WuName,MATCH(1,$AD$12:$AD$60,0)),"") -> Easy cardio | C12: =IF($B12="","",INDEX(WuPhase,MATCH(1,$AD$12:$AD$60,0))) -> 1 Raise | D12: =IF($B12="","",INDEX(WuTrigger,MATCH(1,$AD$12:$AD$60,0))) -> Always | E12: =IF($B12="","",INDEX(WuMin,MATCH(1,$AD$12:$AD$60,0))) -> 4 | F12: =IF($B12="","",INDEX(WuHow,MATCH(1,$AD$12:$AD$60,0))) -> Bike, row or ski erg at a conversational pace until you break a light sweat. | Y12: =IF(OR(INDEX(WuTrigger,1)="Always",COUNTIF($D$30:$D$51,INDEX(WuTrigger,1))>0,COUNTIF($E$30:$E$51,INDEX(WuTrigger,1))>0),1,0) -> 1 | Z12: =INDEX(WuPriority,1)*1000+1 -> 1001 | AA12: =IF($Y12=0,"",SUMIFS(WuMin,$Y$12:$Y$60,1,$Z$12:$Z$60,"<="&$Z12)) -> 4 | AB12: =IF(AND($Y12=1,$AA12<=$B$6),1,0) -> 1 | AC12: =INDEX(WuPhaseN,1)*1000+1 -> 1001 | AD12: =IF($AB12=0,"",COUNTIFS($AB$12:$AB$60,1,$AC$12:$AC$60,"<"&$AC12)+1) -> 1 | AF12: =IF(OR(INDEX(MoTarget,1)="Always",COUNTIF($E$30:$E$51,INDEX(MoTarget,1))>0,COUNTIF($F$30:$F$51,"*"&INDEX(MoTarget,1)&"*")>0),1,0) -> 1 | AG12: =INDEX(MoPriority,1)*1000+1 -> 1001 | AH12: =IF($AF12=0,"",SUMIFS(MoMin,$AF$12:$AF$54,1,$AG$12:$AG$54,"<="&$AG12)) -> 2 | AI12: =IF(AND($AF12=1,$AH12<=$B$7),1,0) -> 1 | AJ12: =INDEX(MoTypeN,1)*1000+1 -> 1001 | AK12: =IF($AI12=0,"",COUNTIFS($AI$12:$AI$54,1,$AJ$12:$AJ$54,"<"&$AJ12)+1) -> 1
A13: 2 | B13: =IFERROR(INDEX(WuName,MATCH(2,$AD$12:$AD$60,0)),"") -> Bodyweight squat | C13: =IF($B13="","",INDEX(WuPhase,MATCH(2,$AD$12:$AD$60,0))) -> 3 Activate | D13: =IF($B13="","",INDEX(WuTrigger,MATCH(2,$AD$12:$AD$60,0))) -> Squat | E13: =IF($B13="","",INDEX(WuMin,MATCH(2,$AD$12:$AD$60,0))) -> 2 | F13: =IF($B13="","",INDEX(WuHow,MATCH(2,$AD$12:$AD$60,0))) -> 15 slow reps, pausing 2 s at the bottom of each. | Y13: =IF(OR(INDEX(WuTrigger,2)="Always",COUNTIF($D$30:$D$51,INDEX(WuTrigger,2))>0,COUNTIF($E$30:$E$51,INDEX(WuTrigger,2))>0),1,0) -> 1 | Z13: =INDEX(WuPriority,2)*1000+2 -> 5002 | AA13: =IF($Y13=0,"",SUMIFS(WuMin,$Y$12:$Y$60,1,$Z$12:$Z$60,"<="&$Z13)) -> 30 | AB13: =IF(AND($Y13=1,$AA13<=$B$6),1,0) -> 0 | AC13: =INDEX(WuPhaseN,2)*1000+2 -> 2002 | AD13: =IF($AB13=0,"",COUNTIFS($AB$12:$AB$60,1,$AC$12:$AC$60,"<"&$AC13)+1) | AF13: =IF(OR(INDEX(MoTarget,2)="Always",COUNTIF($E$30:$E$51,INDEX(MoTarget,2))>0,COUNTIF($F$30:$F$51,"*"&INDEX(MoTarget,2)&"*")>0),1,0) -> 1 | AG13: =INDEX(MoPriority,2)*1000+2 -> 2002 | AH13: =IF($AF13=0,"",SUMIFS(MoMin,$AF$12:$AF$54,1,$AG$12:$AG$54,"<="&$AG13)) -> 4 | AI13: =IF(AND($AF13=1,$AH13<=$B$7),1,0) -> 1 | AJ13: =INDEX(MoTypeN,2)*1000+2 -> 1002 | AK13: =IF($AI13=0,"",COUNTIFS($AI$12:$AI$54,1,$AJ$12:$AJ$54,"<"&$AJ13)+1) -> 2
A14: 3 | B14: =IFERROR(INDEX(WuName,MATCH(3,$AD$12:$AD$60,0)),"") -> Glute bridge | C14: =IF($B14="","",INDEX(WuPhase,MATCH(3,$AD$12:$AD$60,0))) -> 3 Activate | D14: =IF($B14="","",INDEX(WuTrigger,MATCH(3,$AD$12:$AD$60,0))) -> Hinge | E14: =IF($B14="","",INDEX(WuMin,MATCH(3,$AD$12:$AD$60,0))) -> 2 | F14: =IF($B14="","",INDEX(WuHow,MATCH(3,$AD$12:$AD$60,0))) -> 15 reps with a 2 s squeeze at the top. Ribs down. | Y14: =IF(OR(INDEX(WuTrigger,3)="Always",COUNTIF($D$30:$D$51,INDEX(WuTrigger,3))>0,COUNTIF($E$30:$E$51,INDEX(WuTrigger,3))>0),1,0) -> 1 | Z14: =INDEX(WuPriority,3)*1000+3 -> 4003 | AA14: =IF($Y14=0,"",SUMIFS(WuMin,$Y$12:$Y$60,1,$Z$12:$Z$60,"<="&$Z14)) -> 16 | AB14: =IF(AND($Y14=1,$AA14<=$B$6),1,0) -> 0 | AC14: =INDEX(WuPhaseN,3)*1000+3 -> 2003 | AD14: =IF($AB14=0,"",COUNTIFS($AB$12:$AB$60,1,$AC$12:$AC$60,"<"&$AC14)+1) | AF14: =IF(OR(INDEX(MoTarget,3)="Always",COUNTIF($E$30:$E$51,INDEX(MoTarget,3))>0,COUNTIF($F$30:$F$51,"*"&INDEX(MoTarget,3)&"*")>0),1,0) -> 1 | AG14: =INDEX(MoPriority,3)*1000+3 -> 3003 | AH14: =IF($AF14=0,"",SUMIFS(MoMin,$AF$12:$AF$54,1,$AG$12:$AG$54,"<="&$AG14)) -> 29 | AI14: =IF(AND($AF14=1,$AH14<=$B$7),1,0) -> 0 | AJ14: =INDEX(MoTypeN,3)*1000+3 -> 1003 | AK14: =IF($AI14=0,"",COUNTIFS($AI$12:$AI$54,1,$AJ$12:$AJ$54,"<"&$AJ14)+1)
A15: 4 | B15: =IFERROR(INDEX(WuName,MATCH(4,$AD$12:$AD$60,0)),"") -> Specific ramp-up sets | C15: =IF($B15="","",INDEX(WuPhase,MATCH(4,$AD$12:$AD$60,0))) -> 4 Specific | D15: =IF($B15="","",INDEX(WuTrigger,MATCH(4,$AD$12:$AD$60,0))) -> Always | E15: =IF($B15="","",INDEX(WuMin,MATCH(4,$AD$12:$AD$60,0))) -> 5 | F15: =IF($B15="","",INDEX(WuHow,MATCH(4,$AD$12:$AD$60,0))) -> 2–4 progressively heavier sets of your first main lift: roughly 40%, 60%, 80% of the working weight. | Y15: =IF(OR(INDEX(WuTrigger,4)="Always",COUNTIF($D$30:$D$51,INDEX(WuTrigger,4))>0,COUNTIF($E$30:$E$51,INDEX(WuTrigger,4))>0),1,0) -> 1 | Z15: =INDEX(WuPriority,4)*1000+4 -> 2004 | AA15: =IF($Y15=0,"",SUMIFS(WuMin,$Y$12:$Y$60,1,$Z$12:$Z$60,"<="&$Z15)) -> 9 | AB15: =IF(AND($Y15=1,$AA15<=$B$6),1,0) -> 1 | AC15: =INDEX(WuPhaseN,4)*1000+4 -> 4004 | AD15: =IF($AB15=0,"",COUNTIFS($AB$12:$AB$60,1,$AC$12:$AC$60,"<"&$AC15)+1) -> 4 | AF15: =IF(OR(INDEX(MoTarget,4)="Always",COUNTIF($E$30:$E$51,INDEX(MoTarget,4))>0,COUNTIF($F$30:$F$51,"*"&INDEX(MoTarget,4)&"*")>0),1,0) -> 1 | AG15: =INDEX(MoPriority,4)*1000+4 -> 4004 | AH15: =IF($AF15=0,"",SUMIFS(MoMin,$AF$12:$AF$54,1,$AG$12:$AG$54,"<="&$AG15)) -> 52 | AI15: =IF(AND($AF15=1,$AH15<=$B$7),1,0) -> 0 | AJ15: =INDEX(MoTypeN,4)*1000+4 -> 5004 | AK15: =IF($AI15=0,"",COUNTIFS($AI$12:$AI$54,1,$AJ$12:$AJ$54,"<"&$AJ15)+1)
A16: 5 | B16: =IFERROR(INDEX(WuName,MATCH(5,$AD$12:$AD$60,0)),"") | C16: =IF($B16="","",INDEX(WuPhase,MATCH(5,$AD$12:$AD$60,0))) | D16: =IF($B16="","",INDEX(WuTrigger,MATCH(5,$AD$12:$AD$60,0))) | E16: =IF($B16="","",INDEX(WuMin,MATCH(5,$AD$12:$AD$60,0))) | F16: =IF($B16="","",INDEX(WuHow,MATCH(5,$AD$12:$AD$60,0))) | Y16: =IF(OR(INDEX(WuTrigger,5)="Always",COUNTIF($D$30:$D$51,INDEX(WuTrigger,5))>0,COUNTIF($E$30:$E$51,INDEX(WuTrigger,5))>0),1,0) -> 1 | Z16: =INDEX(WuPriority,5)*1000+5 -> 5005 | AA16: =IF($Y16=0,"",SUMIFS(WuMin,$Y$12:$Y$60,1,$Z$12:$Z$60,"<="&$Z16)) -> 32 | AB16: =IF(AND($Y16=1,$AA16<=$B$6),1,0) -> 0 | AC16: =INDEX(WuPhaseN,5)*1000+5 -> 2005 | AD16: =IF($AB16=0,"",COUNTIFS($AB$12:$AB$60,1,$AC$12:$AC$60,"<"&$AC16)+1) | AF16: =IF(OR(INDEX(MoTarget,5)="Always",COUNTIF($E$30:$E$51,INDEX(MoTarget,5))>0,COUNTIF($F$30:$F$51,"*"&INDEX(MoTarget,5)&"*")>0),1,0) -> 1 | AG16: =INDEX(MoPriority,5)*1000+5 -> 6005 | AH16: =IF($AF16=0,"",SUMIFS(MoMin,$AF$12:$AF$54,1,$AG$12:$AG$54,"<="&$AG16)) -> 73 | AI16: =IF(AND($AF16=1,$AH16<=$B$7),1,0) -> 0 | AJ16: =INDEX(MoTypeN,5)*1000+5 -> 5005 | AK16: =IF($AI16=0,"",COUNTIFS($AI$12:$AI$54,1,$AJ$12:$AJ$54,"<"&$AJ16)+1)
A17: 6 | B17: =IFERROR(INDEX(WuName,MATCH(6,$AD$12:$AD$60,0)),"") | C17: =IF($B17="","",INDEX(WuPhase,MATCH(6,$AD$12:$AD$60,0))) | D17: =IF($B17="","",INDEX(WuTrigger,MATCH(6,$AD$12:$AD$60,0))) | E17: =IF($B17="","",INDEX(WuMin,MATCH(6,$AD$12:$AD$60,0))) | F17: =IF($B17="","",INDEX(WuHow,MATCH(6,$AD$12:$AD$60,0))) | Y17: =IF(OR(INDEX(WuTrigger,6)="Always",COUNTIF($D$30:$D$51,INDEX(WuTrigger,6))>0,COUNTIF($E$30:$E$51,INDEX(WuTrigger,6))>0),1,0) -> 1 | Z17: =INDEX(WuPriority,6)*1000+6 -> 6006 | AA17: =IF($Y17=0,"",SUMIFS(WuMin,$Y$12:$Y$60,1,$Z$12:$Z$60,"<="&$Z17)) -> 40 | AB17: =IF(AND($Y17=1,$AA17<=$B$6),1,0) -> 0 | AC17: =INDEX(WuPhaseN,6)*1000+6 -> 2006 | AD17: =IF($AB17=0,"",COUNTIFS($AB$12:$AB$60,1,$AC$12:$AC$60,"<"&$AC17)+1) | AF17: =IF(OR(INDEX(MoTarget,6)="Always",COUNTIF($E$30:$E$51,INDEX(MoTarget,6))>0,COUNTIF($F$30:$F$51,"*"&INDEX(MoTarget,6)&"*")>0),1,0) -> 1 | AG17: =INDEX(MoPriority,6)*1000+6 -> 7006 | AH17: =IF($AF17=0,"",SUMIFS(MoMin,$AF$12:$AF$54,1,$AG$12:$AG$54,"<="&$AG17)) -> 79 | AI17: =IF(AND($AF17=1,$AH17<=$B$7),1,0) -> 0 | AJ17: =INDEX(MoTypeN,6)*1000+6 -> 5006 | AK17: =IF($AI17=0,"",COUNTIFS($AI$12:$AI$54,1,$AJ$12:$AJ$54,"<"&$AJ17)+1)
A18: 7 | B18: =IFERROR(INDEX(WuName,MATCH(7,$AD$12:$AD$60,0)),"") | C18: =IF($B18="","",INDEX(WuPhase,MATCH(7,$AD$12:$AD$60,0))) | D18: =IF($B18="","",INDEX(WuTrigger,MATCH(7,$AD$12:$AD$60,0))) | E18: =IF($B18="","",INDEX(WuMin,MATCH(7,$AD$12:$AD$60,0))) | F18: =IF($B18="","",INDEX(WuHow,MATCH(7,$AD$12:$AD$60,0))) | Y18: =IF(OR(INDEX(WuTrigger,7)="Always",COUNTIF($D$30:$D$51,INDEX(WuTrigger,7))>0,COUNTIF($E$30:$E$51,INDEX(WuTrigger,7))>0),1,0) -> 1 | Z18: =INDEX(WuPriority,7)*1000+7 -> 3007 | AA18: =IF($Y18=0,"",SUMIFS(WuMin,$Y$12:$Y$60,1,$Z$12:$Z$60,"<="&$Z18)) -> 11 | AB18: =IF(AND($Y18=1,$AA18<=$B$6),1,0) -> 1 | AC18: =INDEX(WuPhaseN,7)*1000+7 -> 3007 | AD18: =IF($AB18=0,"",COUNTIFS($AB$12:$AB$60,1,$AC$12:$AC$60,"<"&$AC18)+1) -> 2 | AF18: =IF(OR(INDEX(MoTarget,7)="Always",COUNTIF($E$30:$E$51,INDEX(MoTarget,7))>0,COUNTIF($F$30:$F$51,"*"&INDEX(MoTarget,7)&"*")>0),1,0) -> 1 | AG18: =INDEX(MoPriority,7)*1000+7 -> 6007 | AH18: =IF($AF18=0,"",SUMIFS(MoMin,$AF$12:$AF$54,1,$AG$12:$AG$54,"<="&$AG18)) -> 76 | AI18: =IF(AND($AF18=1,$AH18<=$B$7),1,0) -> 0 | AJ18: =INDEX(MoTypeN,7)*1000+7 -> 5007 | AK18: =IF($AI18=0,"",COUNTIFS($AI$12:$AI$54,1,$AJ$12:$AJ$54,"<"&$AJ18)+1)
A19: 8 | B19: =IFERROR(INDEX(WuName,MATCH(8,$AD$12:$AD$60,0)),"") | C19: =IF($B19="","",INDEX(WuPhase,MATCH(8,$AD$12:$AD$60,0))) | D19: =IF($B19="","",INDEX(WuTrigger,MATCH(8,$AD$12:$AD$60,0))) | E19: =IF($B19="","",INDEX(WuMin,MATCH(8,$AD$12:$AD$60,0))) | F19: =IF($B19="","",INDEX(WuHow,MATCH(8,$AD$12:$AD$60,0))) | Y19: =IF(OR(INDEX(WuTrigger,8)="Always",COUNTIF($D$30:$D$51,INDEX(WuTrigger,8))>0,COUNTIF($E$30:$E$51,INDEX(WuTrigger,8))>0),1,0) -> 1 | Z19: =INDEX(WuPriority,8)*1000+8 -> 4008 | AA19: =IF($Y19=0,"",SUMIFS(WuMin,$Y$12:$Y$60,1,$Z$12:$Z$60,"<="&$Z19)) -> 18 | AB19: =IF(AND($Y19=1,$AA19<=$B$6),1,0) -> 0 | AC19: =INDEX(WuPhaseN,8)*1000+8 -> 3008 | AD19: =IF($AB19=0,"",COUNTIFS($AB$12:$AB$60,1,$AC$12:$AC$60,"<"&$AC19)+1) | AF19: =IF(OR(INDEX(MoTarget,8)="Always",COUNTIF($E$30:$E$51,INDEX(MoTarget,8))>0,COUNTIF($F$30:$F$51,"*"&INDEX(MoTarget,8)&"*")>0),1,0) -> 1 | AG19: =INDEX(MoPriority,8)*1000+8 -> 2008 | AH19: =IF($AF19=0,"",SUMIFS(MoMin,$AF$12:$AF$54,1,$AG$12:$AG$54,"<="&$AG19)) -> 7 | AI19: =IF(AND($AF19=1,$AH19<=$B$7),1,0) -> 1 | AJ19: =INDEX(MoTypeN,8)*1000+8 -> 2008 | AK19: =IF($AI19=0,"",COUNTIFS($AI$12:$AI$54,1,$AJ$12:$AJ$54,"<"&$AJ19)+1) -> 3
A20: 9 | B20: =IFERROR(INDEX(WuName,MATCH(9,$AD$12:$AD$60,0)),"") | C20: =IF($B20="","",INDEX(WuPhase,MATCH(9,$AD$12:$AD$60,0))) | D20: =IF($B20="","",INDEX(WuTrigger,MATCH(9,$AD$12:$AD$60,0))) | E20: =IF($B20="","",INDEX(WuMin,MATCH(9,$AD$12:$AD$60,0))) | F20: =IF($B20="","",INDEX(WuHow,MATCH(9,$AD$12:$AD$60,0))) | Y20: =IF(OR(INDEX(WuTrigger,9)="Always",COUNTIF($D$30:$D$51,INDEX(WuTrigger,9))>0,COUNTIF($E$30:$E$51,INDEX(WuTrigger,9))>0),1,0) -> 1 | Z20: =INDEX(WuPriority,9)*1000+9 -> 5009 | AA20: =IF($Y20=0,"",SUMIFS(WuMin,$Y$12:$Y$60,1,$Z$12:$Z$60,"<="&$Z20)) -> 34 | AB20: =IF(AND($Y20=1,$AA20<=$B$6),1,0) -> 0 | AC20: =INDEX(WuPhaseN,9)*1000+9 -> 2009 | AD20: =IF($AB20=0,"",COUNTIFS($AB$12:$AB$60,1,$AC$12:$AC$60,"<"&$AC20)+1) | AF20: =IF(OR(INDEX(MoTarget,9)="Always",COUNTIF($E$30:$E$51,INDEX(MoTarget,9))>0,COUNTIF($F$30:$F$51,"*"&INDEX(MoTarget,9)&"*")>0),1,0) -> 1 | AG20: =INDEX(MoPriority,9)*1000+9 -> 2009 | AH20: =IF($AF20=0,"",SUMIFS(MoMin,$AF$12:$AF$54,1,$AG$12:$AG$54,"<="&$AG20)) -> 9 | AI20: =IF(AND($AF20=1,$AH20<=$B$7),1,0) -> 0 | AJ20: =INDEX(MoTypeN,9)*1000+9 -> 2009 | AK20: =IF($AI20=0,"",COUNTIFS($AI$12:$AI$54,1,$AJ$12:$AJ$54,"<"&$AJ20)+1)
A21: 10 | B21: =IFERROR(INDEX(WuName,MATCH(10,$AD$12:$AD$60,0)),"") | C21: =IF($B21="","",INDEX(WuPhase,MATCH(10,$AD$12:$AD$60,0))) | D21: =IF($B21="","",INDEX(WuTrigger,MATCH(10,$AD$12:$AD$60,0))) | E21: =IF($B21="","",INDEX(WuMin,MATCH(10,$AD$12:$AD$60,0))) | F21: =IF($B21="","",INDEX(WuHow,MATCH(10,$AD$12:$AD$60,0))) | Y21: =IF(OR(INDEX(WuTrigger,10)="Always",COUNTIF($D$30:$D$51,INDEX(WuTrigger,10))>0,COUNTIF($E$30:$E$51,INDEX(WuTrigger,10))>0),1,0) -> 1 | Z21: =INDEX(WuPriority,10)*1000+10 -> 3010 | AA21: =IF($Y21=0,"",SUMIFS(WuMin,$Y$12:$Y$60,1,$Z$12:$Z$60,"<="&$Z21)) -> 13 | AB21: =IF(AND($Y21=1,$AA21<=$B$6),1,0) -> 1 | AC21: =INDEX(WuPhaseN,10)*1000+10 -> 3010 | AD21: =IF($AB21=0,"",COUNTIFS($AB$12:$AB$60,1,$AC$12:$AC$60,"<"&$AC21)+1) -> 3 | AF21: =IF(OR(INDEX(MoTarget,10)="Always",COUNTIF($E$30:$E$51,INDEX(MoTarget,10))>0,COUNTIF($F$30:$F$51,"*"&INDEX(MoTarget,10)&"*")>0),1,0) -> 1 | AG21: =INDEX(MoPriority,10)*1000+10 -> 4010 | AH21: =IF($AF21=0,"",SUMIFS(MoMin,$AF$12:$AF$54,1,$AG$12:$AG$54,"<="&$AG21)) -> 54 | AI21: =IF(AND($AF21=1,$AH21<=$B$7),1,0) -> 0 | AJ21: =INDEX(MoTypeN,10)*1000+10 -> 2010 | AK21: =IF($AI21=0,"",COUNTIFS($AI$12:$AI$54,1,$AJ$12:$AJ$54,"<"&$AJ21)+1)
A22: 11 | B22: =IFERROR(INDEX(WuName,MATCH(11,$AD$12:$AD$60,0)),"") | C22: =IF($B22="","",INDEX(WuPhase,MATCH(11,$AD$12:$AD$60,0))) | D22: =IF($B22="","",INDEX(WuTrigger,MATCH(11,$AD$12:$AD$60,0))) | E22: =IF($B22="","",INDEX(WuMin,MATCH(11,$AD$12:$AD$60,0))) | F22: =IF($B22="","",INDEX(WuHow,MATCH(11,$AD$12:$AD$60,0))) | Y22: =IF(OR(INDEX(WuTrigger,11)="Always",COUNTIF($D$30:$D$51,INDEX(WuTrigger,11))>0,COUNTIF($E$30:$E$51,INDEX(WuTrigger,11))>0),1,0) -> 1 | Z22: =INDEX(WuPriority,11)*1000+11 -> 4011 | AA22: =IF($Y22=0,"",SUMIFS(WuMin,$Y$12:$Y$60,1,$Z$12:$Z$60,"<="&$Z22)) -> 20 | AB22: =IF(AND($Y22=1,$AA22<=$B$6),1,0) -> 0 | AC22: =INDEX(WuPhaseN,11)*1000+11 -> 3011 | AD22: =IF($AB22=0,"",COUNTIFS($AB$12:$AB$60,1,$AC$12:$AC$60,"<"&$AC22)+1) | AF22: =IF(OR(INDEX(MoTarget,11)="Always",COUNTIF($E$30:$E$51,INDEX(MoTarget,11))>0,COUNTIF($F$30:$F$51,"*"&INDEX(MoTarget,11)&"*")>0),1,0) -> 1 | AG22: =INDEX(MoPriority,11)*1000+11 -> 3011 | AH22: =IF($AF22=0,"",SUMIFS(MoMin,$AF$12:$AF$54,1,$AG$12:$AG$54,"<="&$AG22)) -> 32 | AI22: =IF(AND($AF22=1,$AH22<=$B$7),1,0) -> 0 | AJ22: =INDEX(MoTypeN,11)*1000+11 -> 2011 | AK22: =IF($AI22=0,"",COUNTIFS($AI$12:$AI$54,1,$AJ$12:$AJ$54,"<"&$AJ22)+1)
A23: 12 | B23: =IFERROR(INDEX(WuName,MATCH(12,$AD$12:$AD$60,0)),"") | C23: =IF($B23="","",INDEX(WuPhase,MATCH(12,$AD$12:$AD$60,0))) | D23: =IF($B23="","",INDEX(WuTrigger,MATCH(12,$AD$12:$AD$60,0))) | E23: =IF($B23="","",INDEX(WuMin,MATCH(12,$AD$12:$AD$60,0))) | F23: =IF($B23="","",INDEX(WuHow,MATCH(12,$AD$12:$AD$60,0))) | Y23: =IF(OR(INDEX(WuTrigger,12)="Always",COUNTIF($D$30:$D$51,INDEX(WuTrigger,12))>0,COUNTIF($E$30:$E$51,INDEX(WuTrigger,12))>0),1,0) -> 1 | Z23: =INDEX(WuPriority,12)*1000+12 -> 6012 | AA23: =IF($Y23=0,"",SUMIFS(WuMin,$Y$12:$Y$60,1,$Z$12:$Z$60,"<="&$Z23)) -> 43 | AB23: =IF(AND($Y23=1,$AA23<=$B$6),1,0) -> 0 | AC23: =INDEX(WuPhaseN,12)*1000+12 -> 2012 | AD23: =IF($AB23=0,"",COUNTIFS($AB$12:$AB$60,1,$AC$12:$AC$60,"<"&$AC23)+1) | AF23: =IF(OR(INDEX(MoTarget,12)="Always",COUNTIF($E$30:$E$51,INDEX(MoTarget,12))>0,COUNTIF($F$30:$F$51,"*"&INDEX(MoTarget,12)&"*")>0),1,0) -> 1 | AG23: =INDEX(MoPriority,12)*1000+12 -> 2012 | AH23: =IF($AF23=0,"",SUMIFS(MoMin,$AF$12:$AF$54,1,$AG$12:$AG$54,"<="&$AG23)) -> 11 | AI23: =IF(AND($AF23=1,$AH23<=$B$7),1,0) -> 0 | AJ23: =INDEX(MoTypeN,12)*1000+12 -> 2012 | AK23: =IF($AI23=0,"",COUNTIFS($AI$12:$AI$54,1,$AJ$12:$AJ$54,"<"&$AJ23)+1)
A24: 13 | B24: =IFERROR(INDEX(WuName,MATCH(13,$AD$12:$AD$60,0)),"") | C24: =IF($B24="","",INDEX(WuPhase,MATCH(13,$AD$12:$AD$60,0))) | D24: =IF($B24="","",INDEX(WuTrigger,MATCH(13,$AD$12:$AD$60,0))) | E24: =IF($B24="","",INDEX(WuMin,MATCH(13,$AD$12:$AD$60,0))) | F24: =IF($B24="","",INDEX(WuHow,MATCH(13,$AD$12:$AD$60,0))) | Y24: =IF(OR(INDEX(WuTrigger,13)="Always",COUNTIF($D$30:$D$51,INDEX(WuTrigger,13))>0,COUNTIF($E$30:$E$51,INDEX(WuTrigger,13))>0),1,0) -> 1 | Z24: =INDEX(WuPriority,13)*1000+13 -> 5013 | AA24: =IF($Y24=0,"",SUMIFS(WuMin,$Y$12:$Y$60,1,$Z$12:$Z$60,"<="&$Z24)) -> 36 | AB24: =IF(AND($Y24=1,$AA24<=$B$6),1,0) -> 0 | AC24: =INDEX(WuPhaseN,13)*1000+13 -> 2013 | AD24: =IF($AB24=0,"",COUNTIFS($AB$12:$AB$60,1,$AC$12:$AC$60,"<"&$AC24)+1) | AF24: =IF(OR(INDEX(MoTarget,13)="Always",COUNTIF($E$30:$E$51,INDEX(MoTarget,13))>0,COUNTIF($F$30:$F$51,"*"&INDEX(MoTarget,13)&"*")>0),1,0) -> 1 | AG24: =INDEX(MoPriority,13)*1000+13 -> 3013 | AH24: =IF($AF24=0,"",SUMIFS(MoMin,$AF$12:$AF$54,1,$AG$12:$AG$54,"<="&$AG24)) -> 35 | AI24: =IF(AND($AF24=1,$AH24<=$B$7),1,0) -> 0 | AJ24: =INDEX(MoTypeN,13)*1000+13 -> 2013 | AK24: =IF($AI24=0,"",COUNTIFS($AI$12:$AI$54,1,$AJ$12:$AJ$54,"<"&$AJ24)+1)
A25: 14 | B25: =IFERROR(INDEX(WuName,MATCH(14,$AD$12:$AD$60,0)),"") | C25: =IF($B25="","",INDEX(WuPhase,MATCH(14,$AD$12:$AD$60,0))) | D25: =IF($B25="","",INDEX(WuTrigger,MATCH(14,$AD$12:$AD$60,0))) | E25: =IF($B25="","",INDEX(WuMin,MATCH(14,$AD$12:$AD$60,0))) | F25: =IF($B25="","",INDEX(WuHow,MATCH(14,$AD$12:$AD$60,0))) | Y25: =IF(OR(INDEX(WuTrigger,14)="Always",COUNTIF($D$30:$D$51,INDEX(WuTrigger,14))>0,COUNTIF($E$30:$E$51,INDEX(WuTrigger,14))>0),1,0) -> 1 | Z25: =INDEX(WuPriority,14)*1000+14 -> 4014 | AA25: =IF($Y25=0,"",SUMIFS(WuMin,$Y$12:$Y$60,1,$Z$12:$Z$60,"<="&$Z25)) -> 22 | AB25: =IF(AND($Y25=1,$AA25<=$B$6),1,0) -> 0 | AC25: =INDEX(WuPhaseN,14)*1000+14 -> 3014 | AD25: =IF($AB25=0,"",COUNTIFS($AB$12:$AB$60,1,$AC$12:$AC$60,"<"&$AC25)+1) | AF25: =IF(OR(INDEX(MoTarget,14)="Always",COUNTIF($E$30:$E$51,INDEX(MoTarget,14))>0,COUNTIF($F$30:$F$51,"*"&INDEX(MoTarget,14)&"*")>0),1,0) -> 1 | AG25: =INDEX(MoPriority,14)*1000+14 -> 4014 | AH25: =IF($AF25=0,"",SUMIFS(MoMin,$AF$12:$AF$54,1,$AG$12:$AG$54,"<="&$AG25)) -> 56 | AI25: =IF(AND($AF25=1,$AH25<=$B$7),1,0) -> 0 | AJ25: =INDEX(MoTypeN,14)*1000+14 -> 2014 | AK25: =IF($AI25=0,"",COUNTIFS($AI$12:$AI$54,1,$AJ$12:$AJ$54,"<"&$AJ25)+1)
A26: Warm-up total (min) | E26: =SUMIFS(WuMin,$AB$12:$AB$60,1) -> 13 | Y26: =IF(OR(INDEX(WuTrigger,15)="Always",COUNTIF($D$30:$D$51,INDEX(WuTrigger,15))>0,COUNTIF($E$30:$E$51,INDEX(WuTrigger,15))>0),1,0) -> 1 | Z26: =INDEX(WuPriority,15)*1000+15 -> 6015 | AA26: =IF($Y26=0,"",SUMIFS(WuMin,$Y$12:$Y$60,1,$Z$12:$Z$60,"<="&$Z26)) -> 45 | AB26: =IF(AND($Y26=1,$AA26<=$B$6),1,0) -> 0 | AC26: =INDEX(WuPhaseN,15)*1000+15 -> 3015 | AD26: =IF($AB26=0,"",COUNTIFS($AB$12:$AB$60,1,$AC$12:$AC$60,"<"&$AC26)+1) | AF26: =IF(OR(INDEX(MoTarget,15)="Always",COUNTIF($E$30:$E$51,INDEX(MoTarget,15))>0,COUNTIF($F$30:$F$51,"*"&INDEX(MoTarget,15)&"*")>0),1,0) -> 1 | AG26: =INDEX(MoPriority,15)*1000+15 -> 2015 | AH26: =IF($AF26=0,"",SUMIFS(MoMin,$AF$12:$AF$54,1,$AG$12:$AG$54,"<="&$AG26)) -> 13 | AI26: =IF(AND($AF26=1,$AH26<=$B$7),1,0) -> 0 | AJ26: =INDEX(MoTypeN,15)*1000+15 -> 2015 | AK26: =IF($AI26=0,"",COUNTIFS($AI$12:$AI$54,1,$AJ$12:$AJ$54,"<"&$AJ26)+1)
Y27: =IF(OR(INDEX(WuTrigger,16)="Always",COUNTIF($D$30:$D$51,INDEX(WuTrigger,16))>0,COUNTIF($E$30:$E$51,INDEX(WuTrigger,16))>0),1,0) -> 0 | Z27: =INDEX(WuPriority,16)*1000+16 -> 3016 | AA27: =IF($Y27=0,"",SUMIFS(WuMin,$Y$12:$Y$60,1,$Z$12:$Z$60,"<="&$Z27)) | AB27: =IF(AND($Y27=1,$AA27<=$B$6),1,0) -> 0 | AC27: =INDEX(WuPhaseN,16)*1000+16 -> 3016 | AD27: =IF($AB27=0,"",COUNTIFS($AB$12:$AB$60,1,$AC$12:$AC$60,"<"&$AC27)+1) | AF27: =IF(OR(INDEX(MoTarget,16)="Always",COUNTIF($E$30:$E$51,INDEX(MoTarget,16))>0,COUNTIF($F$30:$F$51,"*"&INDEX(MoTarget,16)&"*")>0),1,0) -> 1 | AG27: =INDEX(MoPriority,16)*1000+16 -> 2016 | AH27: =IF($AF27=0,"",SUMIFS(MoMin,$AF$12:$AF$54,1,$AG$12:$AG$54,"<="&$AG27)) -> 16 | AI27: =IF(AND($AF27=1,$AH27<=$B$7),1,0) -> 0 | AJ27: =INDEX(MoTypeN,16)*1000+16 -> 2016 | AK27: =IF($AI27=0,"",COUNTIFS($AI$12:$AI$54,1,$AJ$12:$AJ$54,"<"&$AJ27)+1)
A28: MAIN SESSION | Y28: =IF(OR(INDEX(WuTrigger,17)="Always",COUNTIF($D$30:$D$51,INDEX(WuTrigger,17))>0,COUNTIF($E$30:$E$51,INDEX(WuTrigger,17))>0),1,0) -> 0 | Z28: =INDEX(WuPriority,17)*1000+17 -> 3017 | AA28: =IF($Y28=0,"",SUMIFS(WuMin,$Y$12:$Y$60,1,$Z$12:$Z$60,"<="&$Z28)) | AB28: =IF(AND($Y28=1,$AA28<=$B$6),1,0) -> 0 | AC28: =INDEX(WuPhaseN,17)*1000+17 -> 3017 | AD28: =IF($AB28=0,"",COUNTIFS($AB$12:$AB$60,1,$AC$12:$AC$60,"<"&$AC28)+1) | AF28: =IF(OR(INDEX(MoTarget,17)="Always",COUNTIF($E$30:$E$51,INDEX(MoTarget,17))>0,COUNTIF($F$30:$F$51,"*"&INDEX(MoTarget,17)&"*")>0),1,0) -> 1 | AG28: =INDEX(MoPriority,17)*1000+17 -> 4017 | AH28: =IF($AF28=0,"",SUMIFS(MoMin,$AF$12:$AF$54,1,$AG$12:$AG$54,"<="&$AG28)) -> 58 | AI28: =IF(AND($AF28=1,$AH28<=$B$7),1,0) -> 0 | AJ28: =INDEX(MoTypeN,17)*1000+17 -> 2017 | AK28: =IF($AI28=0,"",COUNTIFS($AI$12:$AI$54,1,$AJ$12:$AJ$54,"<"&$AJ28)+1)
A29: # | B29: Exercise | C29: Equipment | D29: Pattern | E29: Primary | F29: Secondary | G29: Profile | H29: Sets | I29: Reps | J29: Load | K29: Suggested kg | L29: Rest | M29: Coaching note | N29: Your load (kg) | O29: Comment | P29: Est. min | Y29: =IF(OR(INDEX(WuTrigger,18)="Always",COUNTIF($D$30:$D$51,INDEX(WuTrigger,18))>0,COUNTIF($E$30:$E$51,INDEX(WuTrigger,18))>0),1,0) -> 0 | Z29: =INDEX(WuPriority,18)*1000+18 -> 6018 | AA29: =IF($Y29=0,"",SUMIFS(WuMin,$Y$12:$Y$60,1,$Z$12:$Z$60,"<="&$Z29)) | AB29: =IF(AND($Y29=1,$AA29<=$B$6),1,0) -> 0 | AC29: =INDEX(WuPhaseN,18)*1000+18 -> 2018 | AD29: =IF($AB29=0,"",COUNTIFS($AB$12:$AB$60,1,$AC$12:$AC$60,"<"&$AC29)+1) | AF29: =IF(OR(INDEX(MoTarget,18)="Always",COUNTIF($E$30:$E$51,INDEX(MoTarget,18))>0,COUNTIF($F$30:$F$51,"*"&INDEX(MoTarget,18)&"*")>0),1,0) -> 0 | AG29: =INDEX(MoPriority,18)*1000+18 -> 2018 | AH29: =IF($AF29=0,"",SUMIFS(MoMin,$AF$12:$AF$54,1,$AG$12:$AG$54,"<="&$AG29)) | AI29: =IF(AND($AF29=1,$AH29<=$B$7),1,0) -> 0 | AJ29: =INDEX(MoTypeN,18)*1000+18 -> 2018 | AK29: =IF($AI29=0,"",COUNTIFS($AI$12:$AI$54,1,$AJ$12:$AJ$54,"<"&$AJ29)+1)
A30: 1 | B30: Back Squat | C30: =IF($B30="","",IFERROR(INDEX(ExEquip,MATCH($B30,ExName,0)),"?")) -> Barbell | D30: =IF($B30="","",IFERROR(INDEX(ExPattern,MATCH($B30,ExName,0)),"?")) -> Squat | E30: =IF($B30="","",IFERROR(INDEX(ExPrimary,MATCH($B30,ExName,0)),"?")) -> Quads | F30: =IF($B30="","",IFERROR(INDEX(ExSecondary,MATCH($B30,ExName,0)),"")) -> Glutes, Hamstrings, Core | G30: =IF($B30="","",IFERROR(INDEX(ExProfile,MATCH($B30,ExName,0)),"?")) -> Heavy compound | H30: =IF($G30="","",IFERROR(INDEX(PrSets,MATCH($G30&"|"&$B$5,PrKey,0)),"?")) -> 3–5 | I30: =IF($G30="","",IFERROR(INDEX(PrReps,MATCH($G30&"|"&$B$5,PrKey,0)),"?")) -> 3–6 | J30: =IF($G30="","",IFERROR(INDEX(PrLoad,MATCH($G30&"|"&$B$5,PrKey,0)),"?")) -> 80–90% of 1RM | K30: =IF($B30="","",IF(N($S30)=0,"Bodyweight / RPE",IF(N($R30)=0,"Enter 1RM in library",TEXT(MROUND($R30*$S30,2.5),"0.0")&"–"&TEXT(MROUND($R30*$T30,2.5),"0.0")&" kg"))) -> 80.0–90.0 kg | L30: =IF($G30="","",IFERROR(INDEX(PrRest,MATCH($G30&"|"&$B$5,PrKey,0)),"?")) -> 3–5 min | M30: =IF($G30="","",IFERROR(INDEX(PrNote,MATCH($G30&"|"&$B$5,PrKey,0)),"")) -> RPE 7–9. Leave 1–2 reps in reserve on most sets. | N30: 82.5 | O30: ← example row, just type over it | P30: =IF(OR($B30="",$U30=""),"",IF($U30=0,0,ROUND(($U30*($V30+$W30)+TimeSetup)/60,0))) -> 19 | R30: =IF($B30="","",IFERROR(INDEX(Ex1RM,MATCH($B30,ExName,0)),"")) -> 100 | S30: =IF($G30="","",IFERROR(INDEX(PrMin,MATCH($G30&"|"&$B$5,PrKey,0)),"")) -> 0.8 | T30: =IF($G30="","",IFERROR(INDEX(PrMax,MATCH($G30&"|"&$B$5,PrKey,0)),"")) -> 0.9 | U30: =IF($G30="","",IFERROR(INDEX(PrSetsN,MATCH($G30&"|"&$B$5,PrKey,0)),"")) -> 4 | V30: =IF($G30="","",IFERROR(INDEX(PrWorkS,MATCH($G30&"|"&$B$5,PrKey,0)),"")) -> 20 | W30: =IF($G30="","",IFERROR(INDEX(PrRestS,MATCH($G30&"|"&$B$5,PrKey,0)),"")) -> 240 | Y30: =IF(OR(INDEX(WuTrigger,19)="Always",COUNTIF($D$30:$D$51,INDEX(WuTrigger,19))>0,COUNTIF($E$30:$E$51,INDEX(WuTrigger,19))>0),1,0) -> 0 | Z30: =INDEX(WuPriority,19)*1000+19 -> 4019 | AA30: =IF($Y30=0,"",SUMIFS(WuMin,$Y$12:$Y$60,1,$Z$12:$Z$60,"<="&$Z30)) | AB30: =IF(AND($Y30=1,$AA30<=$B$6),1,0) -> 0 | AC30: =INDEX(WuPhaseN,19)*1000+19 -> 3019 | AD30: =IF($AB30=0,"",COUNTIFS($AB$12:$AB$60,1,$AC$12:$AC$60,"<"&$AC30)+1) | AF30: =IF(OR(INDEX(MoTarget,19)="Always",COUNTIF($E$30:$E$51,INDEX(MoTarget,19))>0,COUNTIF($F$30:$F$51,"*"&INDEX(MoTarget,19)&"*")>0),1,0) -> 0 | AG30: =INDEX(MoPriority,19)*1000+19 -> 3019 | AH30: =IF($AF30=0,"",SUMIFS(MoMin,$AF$12:$AF$54,1,$AG$12:$AG$54,"<="&$AG30)) | AI30: =IF(AND($AF30=1,$AH30<=$B$7),1,0) -> 0 | AJ30: =INDEX(MoTypeN,19)*1000+19 -> 2019 | AK30: =IF($AI30=0,"",COUNTIFS($AI$12:$AI$54,1,$AJ$12:$AJ$54,"<"&$AJ30)+1)
A31: 2 | B31: Romanian Deadlift | C31: =IF($B31="","",IFERROR(INDEX(ExEquip,MATCH($B31,ExName,0)),"?")) -> Barbell | D31: =IF($B31="","",IFERROR(INDEX(ExPattern,MATCH($B31,ExName,0)),"?")) -> Hinge | E31: =IF($B31="","",IFERROR(INDEX(ExPrimary,MATCH($B31,ExName,0)),"?")) -> Hamstrings | F31: =IF($B31="","",IFERROR(INDEX(ExSecondary,MATCH($B31,ExName,0)),"")) -> Glutes, Back | G31: =IF($B31="","",IFERROR(INDEX(ExProfile,MATCH($B31,ExName,0)),"?")) -> Heavy compound | H31: =IF($G31="","",IFERROR(INDEX(PrSets,MATCH($G31&"|"&$B$5,PrKey,0)),"?")) -> 3–5 | I31: =IF($G31="","",IFERROR(INDEX(PrReps,MATCH($G31&"|"&$B$5,PrKey,0)),"?")) -> 3–6 | J31: =IF($G31="","",IFERROR(INDEX(PrLoad,MATCH($G31&"|"&$B$5,PrKey,0)),"?")) -> 80–90% of 1RM | K31: =IF($B31="","",IF(N($S31)=0,"Bodyweight / RPE",IF(N($R31)=0,"Enter 1RM in library",TEXT(MROUND($R31*$S31,2.5),"0.0")&"–"&TEXT(MROUND($R31*$T31,2.5),"0.0")&" kg"))) -> Enter 1RM in library | L31: =IF($G31="","",IFERROR(INDEX(PrRest,MATCH($G31&"|"&$B$5,PrKey,0)),"?")) -> 3–5 min | M31: =IF($G31="","",IFERROR(INDEX(PrNote,MATCH($G31&"|"&$B$5,PrKey,0)),"")) -> RPE 7–9. Leave 1–2 reps in reserve on most sets. | N31: 70 | P31: =IF(OR($B31="",$U31=""),"",IF($U31=0,0,ROUND(($U31*($V31+$W31)+TimeSetup)/60,0))) -> 19 | R31: =IF($B31="","",IFERROR(INDEX(Ex1RM,MATCH($B31,ExName,0)),"")) -> 0 | S31: =IF($G31="","",IFERROR(INDEX(PrMin,MATCH($G31&"|"&$B$5,PrKey,0)),"")) -> 0.8 | T31: =IF($G31="","",IFERROR(INDEX(PrMax,MATCH($G31&"|"&$B$5,PrKey,0)),"")) -> 0.9 | U31: =IF($G31="","",IFERROR(INDEX(PrSetsN,MATCH($G31&"|"&$B$5,PrKey,0)),"")) -> 4 | V31: =IF($G31="","",IFERROR(INDEX(PrWorkS,MATCH($G31&"|"&$B$5,PrKey,0)),"")) -> 20 | W31: =IF($G31="","",IFERROR(INDEX(PrRestS,MATCH($G31&"|"&$B$5,PrKey,0)),"")) -> 240 | Y31: =IF(OR(INDEX(WuTrigger,20)="Always",COUNTIF($D$30:$D$51,INDEX(WuTrigger,20))>0,COUNTIF($E$30:$E$51,INDEX(WuTrigger,20))>0),1,0) -> 0 | Z31: =INDEX(WuPriority,20)*1000+20 -> 5020 | AA31: =IF($Y31=0,"",SUMIFS(WuMin,$Y$12:$Y$60,1,$Z$12:$Z$60,"<="&$Z31)) | AB31: =IF(AND($Y31=1,$AA31<=$B$6),1,0) -> 0 | AC31: =INDEX(WuPhaseN,20)*1000+20 -> 2020 | AD31: =IF($AB31=0,"",COUNTIFS($AB$12:$AB$60,1,$AC$12:$AC$60,"<"&$AC31)+1) | AF31: =IF(OR(INDEX(MoTarget,20)="Always",COUNTIF($E$30:$E$51,INDEX(MoTarget,20))>0,COUNTIF($F$30:$F$51,"*"&INDEX(MoTarget,20)&"*")>0),1,0) -> 0 | AG31: =INDEX(MoPriority,20)*1000+20 -> 4020 | AH31: =IF($AF31=0,"",SUMIFS(MoMin,$AF$12:$AF$54,1,$AG$12:$AG$54,"<="&$AG31)) | AI31: =IF(AND($AF31=1,$AH31<=$B$7),1,0) -> 0 | AJ31: =INDEX(MoTypeN,20)*1000+20 -> 2020 | AK31: =IF($AI31=0,"",COUNTIFS($AI$12:$AI$54,1,$AJ$12:$AJ$54,"<"&$AJ31)+1)
A32: 3 | B32: Bulgarian Split Squat | C32: =IF($B32="","",IFERROR(INDEX(ExEquip,MATCH($B32,ExName,0)),"?")) -> Dumbbell/Kettlebell | D32: =IF($B32="","",IFERROR(INDEX(ExPattern,MATCH($B32,ExName,0)),"?")) -> Lunge/Single-leg | E32: =IF($B32="","",IFERROR(INDEX(ExPrimary,MATCH($B32,ExName,0)),"?")) -> Quads | F32: =IF($B32="","",IFERROR(INDEX(ExSecondary,MATCH($B32,ExName,0)),"")) -> Glutes, Core | G32: =IF($B32="","",IFERROR(INDEX(ExProfile,MATCH($B32,ExName,0)),"?")) -> Compound | H32: =IF($G32="","",IFERROR(INDEX(PrSets,MATCH($G32&"|"&$B$5,PrKey,0)),"?")) -> 3–4 | I32: =IF($G32="","",IFERROR(INDEX(PrReps,MATCH($G32&"|"&$B$5,PrKey,0)),"?")) -> 5–8 | J32: =IF($G32="","",IFERROR(INDEX(PrLoad,MATCH($G32&"|"&$B$5,PrKey,0)),"?")) -> 75–85% of 1RM | K32: =IF($B32="","",IF(N($S32)=0,"Bodyweight / RPE",IF(N($R32)=0,"Enter 1RM in library",TEXT(MROUND($R32*$S32,2.5),"0.0")&"–"&TEXT(MROUND($R32*$T32,2.5),"0.0")&" kg"))) -> Enter 1RM in library | L32: =IF($G32="","",IFERROR(INDEX(PrRest,MATCH($G32&"|"&$B$5,PrKey,0)),"?")) -> 2–3 min | M32: =IF($G32="","",IFERROR(INDEX(PrNote,MATCH($G32&"|"&$B$5,PrKey,0)),"")) -> RPE 7–9. Add load when the top of the rep range feels easy. | N32: 20 | P32: =IF(OR($B32="",$U32=""),"",IF($U32=0,0,ROUND(($U32*($V32+$W32)+TimeSetup)/60,0))) -> 12 | R32: =IF($B32="","",IFERROR(INDEX(Ex1RM,MATCH($B32,ExName,0)),"")) -> 0 | S32: =IF($G32="","",IFERROR(INDEX(PrMin,MATCH($G32&"|"&$B$5,PrKey,0)),"")) -> 0.75 | T32: =IF($G32="","",IFERROR(INDEX(PrMax,MATCH($G32&"|"&$B$5,PrKey,0)),"")) -> 0.85 | U32: =IF($G32="","",IFERROR(INDEX(PrSetsN,MATCH($G32&"|"&$B$5,PrKey,0)),"")) -> 3.5 | V32: =IF($G32="","",IFERROR(INDEX(PrWorkS,MATCH($G32&"|"&$B$5,PrKey,0)),"")) -> 25 | W32: =IF($G32="","",IFERROR(INDEX(PrRestS,MATCH($G32&"|"&$B$5,PrKey,0)),"")) -> 150 | Y32: =IF(OR(INDEX(WuTrigger,21)="Always",COUNTIF($D$30:$D$51,INDEX(WuTrigger,21))>0,COUNTIF($E$30:$E$51,INDEX(WuTrigger,21))>0),1,0) -> 0 | Z32: =INDEX(WuPriority,21)*1000+21 -> 3021 | AA32: =IF($Y32=0,"",SUMIFS(WuMin,$Y$12:$Y$60,1,$Z$12:$Z$60,"<="&$Z32)) | AB32: =IF(AND($Y32=1,$AA32<=$B$6),1,0) -> 0 | AC32: =INDEX(WuPhaseN,21)*1000+21 -> 3021 | AD32: =IF($AB32=0,"",COUNTIFS($AB$12:$AB$60,1,$AC$12:$AC$60,"<"&$AC32)+1) | AF32: =IF(OR(INDEX(MoTarget,21)="Always",COUNTIF($E$30:$E$51,INDEX(MoTarget,21))>0,COUNTIF($F$30:$F$51,"*"&INDEX(MoTarget,21)&"*")>0),1,0) -> 0 | AG32: =INDEX(MoPriority,21)*1000+21 -> 2021 | AH32: =IF($AF32=0,"",SUMIFS(MoMin,$AF$12:$AF$54,1,$AG$12:$AG$54,"<="&$AG32)) | AI32: =IF(AND($AF32=1,$AH32<=$B$7),1,0) -> 0 | AJ32: =INDEX(MoTypeN,21)*1000+21 -> 2021 | AK32: =IF($AI32=0,"",COUNTIFS($AI$12:$AI$54,1,$AJ$12:$AJ$54,"<"&$AJ32)+1)
A33: 4 | B33: Seated Leg Curl | C33: =IF($B33="","",IFERROR(INDEX(ExEquip,MATCH($B33,ExName,0)),"?")) -> Machine | D33: =IF($B33="","",IFERROR(INDEX(ExPattern,MATCH($B33,ExName,0)),"?")) -> Isolation | E33: =IF($B33="","",IFERROR(INDEX(ExPrimary,MATCH($B33,ExName,0)),"?")) -> Hamstrings | F33: =IF($B33="","",IFERROR(INDEX(ExSecondary,MATCH($B33,ExName,0)),"")) -> 0 | G33: =IF($B33="","",IFERROR(INDEX(ExProfile,MATCH($B33,ExName,0)),"?")) -> Isolation | H33: =IF($G33="","",IFERROR(INDEX(PrSets,MATCH($G33&"|"&$B$5,PrKey,0)),"?")) -> 3–4 | I33: =IF($G33="","",IFERROR(INDEX(PrReps,MATCH($G33&"|"&$B$5,PrKey,0)),"?")) -> 6–12 | J33: =IF($G33="","",IFERROR(INDEX(PrLoad,MATCH($G33&"|"&$B$5,PrKey,0)),"?")) -> 70–80% of 1RM | K33: =IF($B33="","",IF(N($S33)=0,"Bodyweight / RPE",IF(N($R33)=0,"Enter 1RM in library",TEXT(MROUND($R33*$S33,2.5),"0.0")&"–"&TEXT(MROUND($R33*$T33,2.5),"0.0")&" kg"))) -> Enter 1RM in library | L33: =IF($G33="","",IFERROR(INDEX(PrRest,MATCH($G33&"|"&$B$5,PrKey,0)),"?")) -> 90–120 s | M33: =IF($G33="","",IFERROR(INDEX(PrNote,MATCH($G33&"|"&$B$5,PrKey,0)),"")) -> RPE 8–9. Full range of motion beats extra load. | N33: 35 | P33: =IF(OR($B33="",$U33=""),"",IF($U33=0,0,ROUND(($U33*($V33+$W33)+TimeSetup)/60,0))) -> 9 | R33: =IF($B33="","",IFERROR(INDEX(Ex1RM,MATCH($B33,ExName,0)),"")) -> 0 | S33: =IF($G33="","",IFERROR(INDEX(PrMin,MATCH($G33&"|"&$B$5,PrKey,0)),"")) -> 0.7 | T33: =IF($G33="","",IFERROR(INDEX(PrMax,MATCH($G33&"|"&$B$5,PrKey,0)),"")) -> 0.8 | U33: =IF($G33="","",IFERROR(INDEX(PrSetsN,MATCH($G33&"|"&$B$5,PrKey,0)),"")) -> 3.5 | V33: =IF($G33="","",IFERROR(INDEX(PrWorkS,MATCH($G33&"|"&$B$5,PrKey,0)),"")) -> 30 | W33: =IF($G33="","",IFERROR(INDEX(PrRestS,MATCH($G33&"|"&$B$5,PrKey,0)),"")) -> 105 | Y33: =IF(OR(INDEX(WuTrigger,22)="Always",COUNTIF($D$30:$D$51,INDEX(WuTrigger,22))>0,COUNTIF($E$30:$E$51,INDEX(WuTrigger,22))>0),1,0) -> 0 | Z33: =INDEX(WuPriority,22)*1000+22 -> 6022 | AA33: =IF($Y33=0,"",SUMIFS(WuMin,$Y$12:$Y$60,1,$Z$12:$Z$60,"<="&$Z33)) | AB33: =IF(AND($Y33=1,$AA33<=$B$6),1,0) -> 0 | AC33: =INDEX(WuPhaseN,22)*1000+22 -> 2022 | AD33: =IF($AB33=0,"",COUNTIFS($AB$12:$AB$60,1,$AC$12:$AC$60,"<"&$AC33)+1) | AF33: =IF(OR(INDEX(MoTarget,22)="Always",COUNTIF($E$30:$E$51,INDEX(MoTarget,22))>0,COUNTIF($F$30:$F$51,"*"&INDEX(MoTarget,22)&"*")>0),1,0) -> 0 | AG33: =INDEX(MoPriority,22)*1000+22 -> 3022 | AH33: =IF($AF33=0,"",SUMIFS(MoMin,$AF$12:$AF$54,1,$AG$12:$AG$54,"<="&$AG33)) | AI33: =IF(AND($AF33=1,$AH33<=$B$7),1,0) -> 0 | AJ33: =INDEX(MoTypeN,22)*1000+22 -> 2022 | AK33: =IF($AI33=0,"",COUNTIFS($AI$12:$AI$54,1,$AJ$12:$AJ$54,"<"&$AJ33)+1)
A34: 5 | B34: Pallof Press | C34: =IF($B34="","",IFERROR(INDEX(ExEquip,MATCH($B34,ExName,0)),"?")) -> Cable | D34: =IF($B34="","",IFERROR(INDEX(ExPattern,MATCH($B34,ExName,0)),"?")) -> Core/Anti-movement | E34: =IF($B34="","",IFERROR(INDEX(ExPrimary,MATCH($B34,ExName,0)),"?")) -> Core | F34: =IF($B34="","",IFERROR(INDEX(ExSecondary,MATCH($B34,ExName,0)),"")) -> Shoulders | G34: =IF($B34="","",IFERROR(INDEX(ExProfile,MATCH($B34,ExName,0)),"?")) -> Core | H34: =IF($G34="","",IFERROR(INDEX(PrSets,MATCH($G34&"|"&$B$5,PrKey,0)),"?")) -> 3–4 | I34: =IF($G34="","",IFERROR(INDEX(PrReps,MATCH($G34&"|"&$B$5,PrKey,0)),"?")) -> 6–12 reps / 20–40 s | J34: =IF($G34="","",IFERROR(INDEX(PrLoad,MATCH($G34&"|"&$B$5,PrKey,0)),"?")) -> Moderate | K34: =IF($B34="","",IF(N($S34)=0,"Bodyweight / RPE",IF(N($R34)=0,"Enter 1RM in library",TEXT(MROUND($R34*$S34,2.5),"0.0")&"–"&TEXT(MROUND($R34*$T34,2.5),"0.0")&" kg"))) -> Bodyweight / RPE | L34: =IF($G34="","",IFERROR(INDEX(PrRest,MATCH($G34&"|"&$B$5,PrKey,0)),"?")) -> 60–90 s | M34: =IF($G34="","",IFERROR(INDEX(PrNote,MATCH($G34&"|"&$B$5,PrKey,0)),"")) -> Add load once you can hold a clean position. | P34: =IF(OR($B34="",$U34=""),"",IF($U34=0,0,ROUND(($U34*($V34+$W34)+TimeSetup)/60,0))) -> 8 | R34: =IF($B34="","",IFERROR(INDEX(Ex1RM,MATCH($B34,ExName,0)),"")) -> 0 | S34: =IF($G34="","",IFERROR(INDEX(PrMin,MATCH($G34&"|"&$B$5,PrKey,0)),"")) -> 0 | T34: =IF($G34="","",IFERROR(INDEX(PrMax,MATCH($G34&"|"&$B$5,PrKey,0)),"")) -> 0 | U34: =IF($G34="","",IFERROR(INDEX(PrSetsN,MATCH($G34&"|"&$B$5,PrKey,0)),"")) -> 3.5 | V34: =IF($G34="","",IFERROR(INDEX(PrWorkS,MATCH($G34&"|"&$B$5,PrKey,0)),"")) -> 35 | W34: =IF($G34="","",IFERROR(INDEX(PrRestS,MATCH($G34&"|"&$B$5,PrKey,0)),"")) -> 75 | Y34: =IF(OR(INDEX(WuTrigger,23)="Always",COUNTIF($D$30:$D$51,INDEX(WuTrigger,23))>0,COUNTIF($E$30:$E$51,INDEX(WuTrigger,23))>0),1,0) -> 0 | Z34: =INDEX(WuPriority,23)*1000+23 -> 3023 | AA34: =IF($Y34=0,"",SUMIFS(WuMin,$Y$12:$Y$60,1,$Z$12:$Z$60,"<="&$Z34)) | AB34: =IF(AND($Y34=1,$AA34<=$B$6),1,0) -> 0 | AC34: =INDEX(WuPhaseN,23)*1000+23 -> 3023 | AD34: =IF($AB34=0,"",COUNTIFS($AB$12:$AB$60,1,$AC$12:$AC$60,"<"&$AC34)+1) | AF34: =IF(OR(INDEX(MoTarget,23)="Always",COUNTIF($E$30:$E$51,INDEX(MoTarget,23))>0,COUNTIF($F$30:$F$51,"*"&INDEX(MoTarget,23)&"*")>0),1,0) -> 0 | AG34: =INDEX(MoPriority,23)*1000+23 -> 4023 | AH34: =IF($AF34=0,"",SUMIFS(MoMin,$AF$12:$AF$54,1,$AG$12:$AG$54,"<="&$AG34)) | AI34: =IF(AND($AF34=1,$AH34<=$B$7),1,0) -> 0 | AJ34: =INDEX(MoTypeN,23)*1000+23 -> 2023 | AK34: =IF($AI34=0,"",COUNTIFS($AI$12:$AI$54,1,$AJ$12:$AJ$54,"<"&$AJ34)+1)
A35: 6 | B35: Farmer's Walk | C35: =IF($B35="","",IFERROR(INDEX(ExEquip,MATCH($B35,ExName,0)),"?")) -> Dumbbell/Kettlebell | D35: =IF($B35="","",IFERROR(INDEX(ExPattern,MATCH($B35,ExName,0)),"?")) -> Carry | E35: =IF($B35="","",IFERROR(INDEX(ExPrimary,MATCH($B35,ExName,0)),"?")) -> Traps | F35: =IF($B35="","",IFERROR(INDEX(ExSecondary,MATCH($B35,ExName,0)),"")) -> Forearms, Core, Glutes | G35: =IF($B35="","",IFERROR(INDEX(ExProfile,MATCH($B35,ExName,0)),"?")) -> Carry | H35: =IF($G35="","",IFERROR(INDEX(PrSets,MATCH($G35&"|"&$B$5,PrKey,0)),"?")) -> 3–5 | I35: =IF($G35="","",IFERROR(INDEX(PrReps,MATCH($G35&"|"&$B$5,PrKey,0)),"?")) -> 20–30 m | J35: =IF($G35="","",IFERROR(INDEX(PrLoad,MATCH($G35&"|"&$B$5,PrKey,0)),"?")) -> 70–90% of max carry | K35: =IF($B35="","",IF(N($S35)=0,"Bodyweight / RPE",IF(N($R35)=0,"Enter 1RM in library",TEXT(MROUND($R35*$S35,2.5),"0.0")&"–"&TEXT(MROUND($R35*$T35,2.5),"0.0")&" kg"))) -> Enter 1RM in library | L35: =IF($G35="","",IFERROR(INDEX(PrRest,MATCH($G35&"|"&$B$5,PrKey,0)),"?")) -> 90–120 s | M35: =IF($G35="","",IFERROR(INDEX(PrNote,MATCH($G35&"|"&$B$5,PrKey,0)),"")) -> Heavy. Grip is usually the limiter. | N35: 60 | P35: =IF(OR($B35="",$U35=""),"",IF($U35=0,0,ROUND(($U35*($V35+$W35)+TimeSetup)/60,0))) -> 11 | R35: =IF($B35="","",IFERROR(INDEX(Ex1RM,MATCH($B35,ExName,0)),"")) -> 0 | S35: =IF($G35="","",IFERROR(INDEX(PrMin,MATCH($G35&"|"&$B$5,PrKey,0)),"")) -> 0.7 | T35: =IF($G35="","",IFERROR(INDEX(PrMax,MATCH($G35&"|"&$B$5,PrKey,0)),"")) -> 0.9 | U35: =IF($G35="","",IFERROR(INDEX(PrSetsN,MATCH($G35&"|"&$B$5,PrKey,0)),"")) -> 4 | V35: =IF($G35="","",IFERROR(INDEX(PrWorkS,MATCH($G35&"|"&$B$5,PrKey,0)),"")) -> 30 | W35: =IF($G35="","",IFERROR(INDEX(PrRestS,MATCH($G35&"|"&$B$5,PrKey,0)),"")) -> 105 | Y35: =IF(OR(INDEX(WuTrigger,24)="Always",COUNTIF($D$30:$D$51,INDEX(WuTrigger,24))>0,COUNTIF($E$30:$E$51,INDEX(WuTrigger,24))>0),1,0) -> 0 | Z35: =INDEX(WuPriority,24)*1000+24 -> 5024 | AA35: =IF($Y35=0,"",SUMIFS(WuMin,$Y$12:$Y$60,1,$Z$12:$Z$60,"<="&$Z35)) | AB35: =IF(AND($Y35=1,$AA35<=$B$6),1,0) -> 0 | AC35: =INDEX(WuPhaseN,24)*1000+24 -> 3024 | AD35: =IF($AB35=0,"",COUNTIFS($AB$12:$AB$60,1,$AC$12:$AC$60,"<"&$AC35)+1) | AF35: =IF(OR(INDEX(MoTarget,24)="Always",COUNTIF($E$30:$E$51,INDEX(MoTarget,24))>0,COUNTIF($F$30:$F$51,"*"&INDEX(MoTarget,24)&"*")>0),1,0) -> 1 | AG35: =INDEX(MoPriority,24)*1000+24 -> 2024 | AH35: =IF($AF35=0,"",SUMIFS(MoMin,$AF$12:$AF$54,1,$AG$12:$AG$54,"<="&$AG35)) -> 19 | AI35: =IF(AND($AF35=1,$AH35<=$B$7),1,0) -> 0 | AJ35: =INDEX(MoTypeN,24)*1000+24 -> 4024 | AK35: =IF($AI35=0,"",COUNTIFS($AI$12:$AI$54,1,$AJ$12:$AJ$54,"<"&$AJ35)+1)
A36: 7 | C36: =IF($B36="","",IFERROR(INDEX(ExEquip,MATCH($B36,ExName,0)),"?")) | D36: =IF($B36="","",IFERROR(INDEX(ExPattern,MATCH($B36,ExName,0)),"?")) | E36: =IF($B36="","",IFERROR(INDEX(ExPrimary,MATCH($B36,ExName,0)),"?")) | F36: =IF($B36="","",IFERROR(INDEX(ExSecondary,MATCH($B36,ExName,0)),"")) | G36: =IF($B36="","",IFERROR(INDEX(ExProfile,MATCH($B36,ExName,0)),"?")) | H36: =IF($G36="","",IFERROR(INDEX(PrSets,MATCH($G36&"|"&$B$5,PrKey,0)),"?")) | I36: =IF($G36="","",IFERROR(INDEX(PrReps,MATCH($G36&"|"&$B$5,PrKey,0)),"?")) | J36: =IF($G36="","",IFERROR(INDEX(PrLoad,MATCH($G36&"|"&$B$5,PrKey,0)),"?")) | K36: =IF($B36="","",IF(N($S36)=0,"Bodyweight / RPE",IF(N($R36)=0,"Enter 1RM in library",TEXT(MROUND($R36*$S36,2.5),"0.0")&"–"&TEXT(MROUND($R36*$T36,2.5),"0.0")&" kg"))) | L36: =IF($G36="","",IFERROR(INDEX(PrRest,MATCH($G36&"|"&$B$5,PrKey,0)),"?")) | M36: =IF($G36="","",IFERROR(INDEX(PrNote,MATCH($G36&"|"&$B$5,PrKey,0)),"")) | P36: =IF(OR($B36="",$U36=""),"",IF($U36=0,0,ROUND(($U36*($V36+$W36)+TimeSetup)/60,0))) | R36: =IF($B36="","",IFERROR(INDEX(Ex1RM,MATCH($B36,ExName,0)),"")) | S36: =IF($G36="","",IFERROR(INDEX(PrMin,MATCH($G36&"|"&$B$5,PrKey,0)),"")) | T36: =IF($G36="","",IFERROR(INDEX(PrMax,MATCH($G36&"|"&$B$5,PrKey,0)),"")) | U36: =IF($G36="","",IFERROR(INDEX(PrSetsN,MATCH($G36&"|"&$B$5,PrKey,0)),"")) | V36: =IF($G36="","",IFERROR(INDEX(PrWorkS,MATCH($G36&"|"&$B$5,PrKey,0)),"")) | W36: =IF($G36="","",IFERROR(INDEX(PrRestS,MATCH($G36&"|"&$B$5,PrKey,0)),"")) | Y36: =IF(OR(INDEX(WuTrigger,25)="Always",COUNTIF($D$30:$D$51,INDEX(WuTrigger,25))>0,COUNTIF($E$30:$E$51,INDEX(WuTrigger,25))>0),1,0) -> 0 | Z36: =INDEX(WuPriority,25)*1000+25 -> 5025 | AA36: =IF($Y36=0,"",SUMIFS(WuMin,$Y$12:$Y$60,1,$Z$12:$Z$60,"<="&$Z36)) | AB36: =IF(AND($Y36=1,$AA36<=$B$6),1,0) -> 0 | AC36: =INDEX(WuPhaseN,25)*1000+25 -> 2025 | AD36: =IF($AB36=0,"",COUNTIFS($AB$12:$AB$60,1,$AC$12:$AC$60,"<"&$AC36)+1) | AF36: =IF(OR(INDEX(MoTarget,25)="Always",COUNTIF($E$30:$E$51,INDEX(MoTarget,25))>0,COUNTIF($F$30:$F$51,"*"&INDEX(MoTarget,25)&"*")>0),1,0) -> 1 | AG36: =INDEX(MoPriority,25)*1000+25 -> 2025 | AH36: =IF($AF36=0,"",SUMIFS(MoMin,$AF$12:$AF$54,1,$AG$12:$AG$54,"<="&$AG36)) -> 22 | AI36: =IF(AND($AF36=1,$AH36<=$B$7),1,0) -> 0 | AJ36: =INDEX(MoTypeN,25)*1000+25 -> 4025 | AK36: =IF($AI36=0,"",COUNTIFS($AI$12:$AI$54,1,$AJ$12:$AJ$54,"<"&$AJ36)+1)
A37: 8 | C37: =IF($B37="","",IFERROR(INDEX(ExEquip,MATCH($B37,ExName,0)),"?")) | D37: =IF($B37="","",IFERROR(INDEX(ExPattern,MATCH($B37,ExName,0)),"?")) | E37: =IF($B37="","",IFERROR(INDEX(ExPrimary,MATCH($B37,ExName,0)),"?")) | F37: =IF($B37="","",IFERROR(INDEX(ExSecondary,MATCH($B37,ExName,0)),"")) | G37: =IF($B37="","",IFERROR(INDEX(ExProfile,MATCH($B37,ExName,0)),"?")) | H37: =IF($G37="","",IFERROR(INDEX(PrSets,MATCH($G37&"|"&$B$5,PrKey,0)),"?")) | I37: =IF($G37="","",IFERROR(INDEX(PrReps,MATCH($G37&"|"&$B$5,PrKey,0)),"?")) | J37: =IF($G37="","",IFERROR(INDEX(PrLoad,MATCH($G37&"|"&$B$5,PrKey,0)),"?")) | K37: =IF($B37="","",IF(N($S37)=0,"Bodyweight / RPE",IF(N($R37)=0,"Enter 1RM in library",TEXT(MROUND($R37*$S37,2.5),"0.0")&"–"&TEXT(MROUND($R37*$T37,2.5),"0.0")&" kg"))) | L37: =IF($G37="","",IFERROR(INDEX(PrRest,MATCH($G37&"|"&$B$5,PrKey,0)),"?")) | M37: =IF($G37="","",IFERROR(INDEX(PrNote,MATCH($G37&"|"&$B$5,PrKey,0)),"")) | P37: =IF(OR($B37="",$U37=""),"",IF($U37=0,0,ROUND(($U37*($V37+$W37)+TimeSetup)/60,0))) | R37: =IF($B37="","",IFERROR(INDEX(Ex1RM,MATCH($B37,ExName,0)),"")) | S37: =IF($G37="","",IFERROR(INDEX(PrMin,MATCH($G37&"|"&$B$5,PrKey,0)),"")) | T37: =IF($G37="","",IFERROR(INDEX(PrMax,MATCH($G37&"|"&$B$5,PrKey,0)),"")) | U37: =IF($G37="","",IFERROR(INDEX(PrSetsN,MATCH($G37&"|"&$B$5,PrKey,0)),"")) | V37: =IF($G37="","",IFERROR(INDEX(PrWorkS,MATCH($G37&"|"&$B$5,PrKey,0)),"")) | W37: =IF($G37="","",IFERROR(INDEX(PrRestS,MATCH($G37&"|"&$B$5,PrKey,0)),"")) | Y37: =IF(OR(INDEX(WuTrigger,26)="Always",COUNTIF($D$30:$D$51,INDEX(WuTrigger,26))>0,COUNTIF($E$30:$E$51,INDEX(WuTrigger,26))>0),1,0) -> 0 | Z37: =INDEX(WuPriority,26)*1000+26 -> 3026 | AA37: =IF($Y37=0,"",SUMIFS(WuMin,$Y$12:$Y$60,1,$Z$12:$Z$60,"<="&$Z37)) | AB37: =IF(AND($Y37=1,$AA37<=$B$6),1,0) -> 0 | AC37: =INDEX(WuPhaseN,26)*1000+26 -> 3026 | AD37: =IF($AB37=0,"",COUNTIFS($AB$12:$AB$60,1,$AC$12:$AC$60,"<"&$AC37)+1) | AF37: =IF(OR(INDEX(MoTarget,26)="Always",COUNTIF($E$30:$E$51,INDEX(MoTarget,26))>0,COUNTIF($F$30:$F$51,"*"&INDEX(MoTarget,26)&"*")>0),1,0) -> 1 | AG37: =INDEX(MoPriority,26)*1000+26 -> 3026 | AH37: =IF($AF37=0,"",SUMIFS(MoMin,$AF$12:$AF$54,1,$AG$12:$AG$54,"<="&$AG37)) -> 38 | AI37: =IF(AND($AF37=1,$AH37<=$B$7),1,0) -> 0 | AJ37: =INDEX(MoTypeN,26)*1000+26 -> 4026 | AK37: =IF($AI37=0,"",COUNTIFS($AI$12:$AI$54,1,$AJ$12:$AJ$54,"<"&$AJ37)+1)
A38: 9 | C38: =IF($B38="","",IFERROR(INDEX(ExEquip,MATCH($B38,ExName,0)),"?")) | D38: =IF($B38="","",IFERROR(INDEX(ExPattern,MATCH($B38,ExName,0)),"?")) | E38: =IF($B38="","",IFERROR(INDEX(ExPrimary,MATCH($B38,ExName,0)),"?")) | F38: =IF($B38="","",IFERROR(INDEX(ExSecondary,MATCH($B38,ExName,0)),"")) | G38: =IF($B38="","",IFERROR(INDEX(ExProfile,MATCH($B38,ExName,0)),"?")) | H38: =IF($G38="","",IFERROR(INDEX(PrSets,MATCH($G38&"|"&$B$5,PrKey,0)),"?")) | I38: =IF($G38="","",IFERROR(INDEX(PrReps,MATCH($G38&"|"&$B$5,PrKey,0)),"?")) | J38: =IF($G38="","",IFERROR(INDEX(PrLoad,MATCH($G38&"|"&$B$5,PrKey,0)),"?")) | K38: =IF($B38="","",IF(N($S38)=0,"Bodyweight / RPE",IF(N($R38)=0,"Enter 1RM in library",TEXT(MROUND($R38*$S38,2.5),"0.0")&"–"&TEXT(MROUND($R38*$T38,2.5),"0.0")&" kg"))) | L38: =IF($G38="","",IFERROR(INDEX(PrRest,MATCH($G38&"|"&$B$5,PrKey,0)),"?")) | M38: =IF($G38="","",IFERROR(INDEX(PrNote,MATCH($G38&"|"&$B$5,PrKey,0)),"")) | P38: =IF(OR($B38="",$U38=""),"",IF($U38=0,0,ROUND(($U38*($V38+$W38)+TimeSetup)/60,0))) | R38: =IF($B38="","",IFERROR(INDEX(Ex1RM,MATCH($B38,ExName,0)),"")) | S38: =IF($G38="","",IFERROR(INDEX(PrMin,MATCH($G38&"|"&$B$5,PrKey,0)),"")) | T38: =IF($G38="","",IFERROR(INDEX(PrMax,MATCH($G38&"|"&$B$5,PrKey,0)),"")) | U38: =IF($G38="","",IFERROR(INDEX(PrSetsN,MATCH($G38&"|"&$B$5,PrKey,0)),"")) | V38: =IF($G38="","",IFERROR(INDEX(PrWorkS,MATCH($G38&"|"&$B$5,PrKey,0)),"")) | W38: =IF($G38="","",IFERROR(INDEX(PrRestS,MATCH($G38&"|"&$B$5,PrKey,0)),"")) | Y38: =IF(OR(INDEX(WuTrigger,27)="Always",COUNTIF($D$30:$D$51,INDEX(WuTrigger,27))>0,COUNTIF($E$30:$E$51,INDEX(WuTrigger,27))>0),1,0) -> 0 | Z38: =INDEX(WuPriority,27)*1000+27 -> 6027 | AA38: =IF($Y38=0,"",SUMIFS(WuMin,$Y$12:$Y$60,1,$Z$12:$Z$60,"<="&$Z38)) | AB38: =IF(AND($Y38=1,$AA38<=$B$6),1,0) -> 0 | AC38: =INDEX(WuPhaseN,27)*1000+27 -> 2027 | AD38: =IF($AB38=0,"",COUNTIFS($AB$12:$AB$60,1,$AC$12:$AC$60,"<"&$AC38)+1) | AF38: =IF(OR(INDEX(MoTarget,27)="Always",COUNTIF($E$30:$E$51,INDEX(MoTarget,27))>0,COUNTIF($F$30:$F$51,"*"&INDEX(MoTarget,27)&"*")>0),1,0) -> 1 | AG38: =INDEX(MoPriority,27)*1000+27 -> 4027 | AH38: =IF($AF38=0,"",SUMIFS(MoMin,$AF$12:$AF$54,1,$AG$12:$AG$54,"<="&$AG38)) -> 60 | AI38: =IF(AND($AF38=1,$AH38<=$B$7),1,0) -> 0 | AJ38: =INDEX(MoTypeN,27)*1000+27 -> 4027 | AK38: =IF($AI38=0,"",COUNTIFS($AI$12:$AI$54,1,$AJ$12:$AJ$54,"<"&$AJ38)+1)
A39: 10 | C39: =IF($B39="","",IFERROR(INDEX(ExEquip,MATCH($B39,ExName,0)),"?")) | D39: =IF($B39="","",IFERROR(INDEX(ExPattern,MATCH($B39,ExName,0)),"?")) | E39: =IF($B39="","",IFERROR(INDEX(ExPrimary,MATCH($B39,ExName,0)),"?")) | F39: =IF($B39="","",IFERROR(INDEX(ExSecondary,MATCH($B39,ExName,0)),"")) | G39: =IF($B39="","",IFERROR(INDEX(ExProfile,MATCH($B39,ExName,0)),"?")) | H39: =IF($G39="","",IFERROR(INDEX(PrSets,MATCH($G39&"|"&$B$5,PrKey,0)),"?")) | I39: =IF($G39="","",IFERROR(INDEX(PrReps,MATCH($G39&"|"&$B$5,PrKey,0)),"?")) | J39: =IF($G39="","",IFERROR(INDEX(PrLoad,MATCH($G39&"|"&$B$5,PrKey,0)),"?")) | K39: =IF($B39="","",IF(N($S39)=0,"Bodyweight / RPE",IF(N($R39)=0,"Enter 1RM in library",TEXT(MROUND($R39*$S39,2.5),"0.0")&"–"&TEXT(MROUND($R39*$T39,2.5),"0.0")&" kg"))) | L39: =IF($G39="","",IFERROR(INDEX(PrRest,MATCH($G39&"|"&$B$5,PrKey,0)),"?")) | M39: =IF($G39="","",IFERROR(INDEX(PrNote,MATCH($G39&"|"&$B$5,PrKey,0)),"")) | P39: =IF(OR($B39="",$U39=""),"",IF($U39=0,0,ROUND(($U39*($V39+$W39)+TimeSetup)/60,0))) | R39: =IF($B39="","",IFERROR(INDEX(Ex1RM,MATCH($B39,ExName,0)),"")) | S39: =IF($G39="","",IFERROR(INDEX(PrMin,MATCH($G39&"|"&$B$5,PrKey,0)),"")) | T39: =IF($G39="","",IFERROR(INDEX(PrMax,MATCH($G39&"|"&$B$5,PrKey,0)),"")) | U39: =IF($G39="","",IFERROR(INDEX(PrSetsN,MATCH($G39&"|"&$B$5,PrKey,0)),"")) | V39: =IF($G39="","",IFERROR(INDEX(PrWorkS,MATCH($G39&"|"&$B$5,PrKey,0)),"")) | W39: =IF($G39="","",IFERROR(INDEX(PrRestS,MATCH($G39&"|"&$B$5,PrKey,0)),"")) | Y39: =IF(OR(INDEX(WuTrigger,28)="Always",COUNTIF($D$30:$D$51,INDEX(WuTrigger,28))>0,COUNTIF($E$30:$E$51,INDEX(WuTrigger,28))>0),1,0) -> 0 | Z39: =INDEX(WuPriority,28)*1000+28 -> 2028 | AA39: =IF($Y39=0,"",SUMIFS(WuMin,$Y$12:$Y$60,1,$Z$12:$Z$60,"<="&$Z39)) | AB39: =IF(AND($Y39=1,$AA39<=$B$6),1,0) -> 0 | AC39: =INDEX(WuPhaseN,28)*1000+28 -> 4028 | AD39: =IF($AB39=0,"",COUNTIFS($AB$12:$AB$60,1,$AC$12:$AC$60,"<"&$AC39)+1) | AF39: =IF(OR(INDEX(MoTarget,28)="Always",COUNTIF($E$30:$E$51,INDEX(MoTarget,28))>0,COUNTIF($F$30:$F$51,"*"&INDEX(MoTarget,28)&"*")>0),1,0) -> 1 | AG39: =INDEX(MoPriority,28)*1000+28 -> 4028 | AH39: =IF($AF39=0,"",SUMIFS(MoMin,$AF$12:$AF$54,1,$AG$12:$AG$54,"<="&$AG39)) -> 62 | AI39: =IF(AND($AF39=1,$AH39<=$B$7),1,0) -> 0 | AJ39: =INDEX(MoTypeN,28)*1000+28 -> 4028 | AK39: =IF($AI39=0,"",COUNTIFS($AI$12:$AI$54,1,$AJ$12:$AJ$54,"<"&$AJ39)+1)
A40: 11 | C40: =IF($B40="","",IFERROR(INDEX(ExEquip,MATCH($B40,ExName,0)),"?")) | D40: =IF($B40="","",IFERROR(INDEX(ExPattern,MATCH($B40,ExName,0)),"?")) | E40: =IF($B40="","",IFERROR(INDEX(ExPrimary,MATCH($B40,ExName,0)),"?")) | F40: =IF($B40="","",IFERROR(INDEX(ExSecondary,MATCH($B40,ExName,0)),"")) | G40: =IF($B40="","",IFERROR(INDEX(ExProfile,MATCH($B40,ExName,0)),"?")) | H40: =IF($G40="","",IFERROR(INDEX(PrSets,MATCH($G40&"|"&$B$5,PrKey,0)),"?")) | I40: =IF($G40="","",IFERROR(INDEX(PrReps,MATCH($G40&"|"&$B$5,PrKey,0)),"?")) | J40: =IF($G40="","",IFERROR(INDEX(PrLoad,MATCH($G40&"|"&$B$5,PrKey,0)),"?")) | K40: =IF($B40="","",IF(N($S40)=0,"Bodyweight / RPE",IF(N($R40)=0,"Enter 1RM in library",TEXT(MROUND($R40*$S40,2.5),"0.0")&"–"&TEXT(MROUND($R40*$T40,2.5),"0.0")&" kg"))) | L40: =IF($G40="","",IFERROR(INDEX(PrRest,MATCH($G40&"|"&$B$5,PrKey,0)),"?")) | M40: =IF($G40="","",IFERROR(INDEX(PrNote,MATCH($G40&"|"&$B$5,PrKey,0)),"")) | P40: =IF(OR($B40="",$U40=""),"",IF($U40=0,0,ROUND(($U40*($V40+$W40)+TimeSetup)/60,0))) | R40: =IF($B40="","",IFERROR(INDEX(Ex1RM,MATCH($B40,ExName,0)),"")) | S40: =IF($G40="","",IFERROR(INDEX(PrMin,MATCH($G40&"|"&$B$5,PrKey,0)),"")) | T40: =IF($G40="","",IFERROR(INDEX(PrMax,MATCH($G40&"|"&$B$5,PrKey,0)),"")) | U40: =IF($G40="","",IFERROR(INDEX(PrSetsN,MATCH($G40&"|"&$B$5,PrKey,0)),"")) | V40: =IF($G40="","",IFERROR(INDEX(PrWorkS,MATCH($G40&"|"&$B$5,PrKey,0)),"")) | W40: =IF($G40="","",IFERROR(INDEX(PrRestS,MATCH($G40&"|"&$B$5,PrKey,0)),"")) | Y40: =IF(OR(INDEX(WuTrigger,29)="Always",COUNTIF($D$30:$D$51,INDEX(WuTrigger,29))>0,COUNTIF($E$30:$E$51,INDEX(WuTrigger,29))>0),1,0) -> 0 | Z40: =INDEX(WuPriority,29)*1000+29 -> 4029 | AA40: =IF($Y40=0,"",SUMIFS(WuMin,$Y$12:$Y$60,1,$Z$12:$Z$60,"<="&$Z40)) | AB40: =IF(AND($Y40=1,$AA40<=$B$6),1,0) -> 0 | AC40: =INDEX(WuPhaseN,29)*1000+29 -> 2029 | AD40: =IF($AB40=0,"",COUNTIFS($AB$12:$AB$60,1,$AC$12:$AC$60,"<"&$AC40)+1) | AF40: =IF(OR(INDEX(MoTarget,29)="Always",COUNTIF($E$30:$E$51,INDEX(MoTarget,29))>0,COUNTIF($F$30:$F$51,"*"&INDEX(MoTarget,29)&"*")>0),1,0) -> 1 | AG40: =INDEX(MoPriority,29)*1000+29 -> 5029 | AH40: =IF($AF40=0,"",SUMIFS(MoMin,$AF$12:$AF$54,1,$AG$12:$AG$54,"<="&$AG40)) -> 70 | AI40: =IF(AND($AF40=1,$AH40<=$B$7),1,0) -> 0 | AJ40: =INDEX(MoTypeN,29)*1000+29 -> 4029 | AK40: =IF($AI40=0,"",COUNTIFS($AI$12:$AI$54,1,$AJ$12:$AJ$54,"<"&$AJ40)+1)
A41: 12 | C41: =IF($B41="","",IFERROR(INDEX(ExEquip,MATCH($B41,ExName,0)),"?")) | D41: =IF($B41="","",IFERROR(INDEX(ExPattern,MATCH($B41,ExName,0)),"?")) | E41: =IF($B41="","",IFERROR(INDEX(ExPrimary,MATCH($B41,ExName,0)),"?")) | F41: =IF($B41="","",IFERROR(INDEX(ExSecondary,MATCH($B41,ExName,0)),"")) | G41: =IF($B41="","",IFERROR(INDEX(ExProfile,MATCH($B41,ExName,0)),"?")) | H41: =IF($G41="","",IFERROR(INDEX(PrSets,MATCH($G41&"|"&$B$5,PrKey,0)),"?")) | I41: =IF($G41="","",IFERROR(INDEX(PrReps,MATCH($G41&"|"&$B$5,PrKey,0)),"?")) | J41: =IF($G41="","",IFERROR(INDEX(PrLoad,MATCH($G41&"|"&$B$5,PrKey,0)),"?")) | K41: =IF($B41="","",IF(N($S41)=0,"Bodyweight / RPE",IF(N($R41)=0,"Enter 1RM in library",TEXT(MROUND($R41*$S41,2.5),"0.0")&"–"&TEXT(MROUND($R41*$T41,2.5),"0.0")&" kg"))) | L41: =IF($G41="","",IFERROR(INDEX(PrRest,MATCH($G41&"|"&$B$5,PrKey,0)),"?")) | M41: =IF($G41="","",IFERROR(INDEX(PrNote,MATCH($G41&"|"&$B$5,PrKey,0)),"")) | P41: =IF(OR($B41="",$U41=""),"",IF($U41=0,0,ROUND(($U41*($V41+$W41)+TimeSetup)/60,0))) | R41: =IF($B41="","",IFERROR(INDEX(Ex1RM,MATCH($B41,ExName,0)),"")) | S41: =IF($G41="","",IFERROR(INDEX(PrMin,MATCH($G41&"|"&$B$5,PrKey,0)),"")) | T41: =IF($G41="","",IFERROR(INDEX(PrMax,MATCH($G41&"|"&$B$5,PrKey,0)),"")) | U41: =IF($G41="","",IFERROR(INDEX(PrSetsN,MATCH($G41&"|"&$B$5,PrKey,0)),"")) | V41: =IF($G41="","",IFERROR(INDEX(PrWorkS,MATCH($G41&"|"&$B$5,PrKey,0)),"")) | W41: =IF($G41="","",IFERROR(INDEX(PrRestS,MATCH($G41&"|"&$B$5,PrKey,0)),"")) | Y41: =IF(OR(INDEX(WuTrigger,30)="Always",COUNTIF($D$30:$D$51,INDEX(WuTrigger,30))>0,COUNTIF($E$30:$E$51,INDEX(WuTrigger,30))>0),1,0) -> 0 | Z41: =INDEX(WuPriority,30)*1000+30 -> 5030 | AA41: =IF($Y41=0,"",SUMIFS(WuMin,$Y$12:$Y$60,1,$Z$12:$Z$60,"<="&$Z41)) | AB41: =IF(AND($Y41=1,$AA41<=$B$6),1,0) -> 0 | AC41: =INDEX(WuPhaseN,30)*1000+30 -> 2030 | AD41: =IF($AB41=0,"",COUNTIFS($AB$12:$AB$60,1,$AC$12:$AC$60,"<"&$AC41)+1) | AF41: =IF(OR(INDEX(MoTarget,30)="Always",COUNTIF($E$30:$E$51,INDEX(MoTarget,30))>0,COUNTIF($F$30:$F$51,"*"&INDEX(MoTarget,30)&"*")>0),1,0) -> 1 | AG41: =INDEX(MoPriority,30)*1000+30 -> 2030 | AH41: =IF($AF41=0,"",SUMIFS(MoMin,$AF$12:$AF$54,1,$AG$12:$AG$54,"<="&$AG41)) -> 24 | AI41: =IF(AND($AF41=1,$AH41<=$B$7),1,0) -> 0 | AJ41: =INDEX(MoTypeN,30)*1000+30 -> 3030 | AK41: =IF($AI41=0,"",COUNTIFS($AI$12:$AI$54,1,$AJ$12:$AJ$54,"<"&$AJ41)+1)
A42: 13 | C42: =IF($B42="","",IFERROR(INDEX(ExEquip,MATCH($B42,ExName,0)),"?")) | D42: =IF($B42="","",IFERROR(INDEX(ExPattern,MATCH($B42,ExName,0)),"?")) | E42: =IF($B42="","",IFERROR(INDEX(ExPrimary,MATCH($B42,ExName,0)),"?")) | F42: =IF($B42="","",IFERROR(INDEX(ExSecondary,MATCH($B42,ExName,0)),"")) | G42: =IF($B42="","",IFERROR(INDEX(ExProfile,MATCH($B42,ExName,0)),"?")) | H42: =IF($G42="","",IFERROR(INDEX(PrSets,MATCH($G42&"|"&$B$5,PrKey,0)),"?")) | I42: =IF($G42="","",IFERROR(INDEX(PrReps,MATCH($G42&"|"&$B$5,PrKey,0)),"?")) | J42: =IF($G42="","",IFERROR(INDEX(PrLoad,MATCH($G42&"|"&$B$5,PrKey,0)),"?")) | K42: =IF($B42="","",IF(N($S42)=0,"Bodyweight / RPE",IF(N($R42)=0,"Enter 1RM in library",TEXT(MROUND($R42*$S42,2.5),"0.0")&"–"&TEXT(MROUND($R42*$T42,2.5),"0.0")&" kg"))) | L42: =IF($G42="","",IFERROR(INDEX(PrRest,MATCH($G42&"|"&$B$5,PrKey,0)),"?")) | M42: =IF($G42="","",IFERROR(INDEX(PrNote,MATCH($G42&"|"&$B$5,PrKey,0)),"")) | P42: =IF(OR($B42="",$U42=""),"",IF($U42=0,0,ROUND(($U42*($V42+$W42)+TimeSetup)/60,0))) | R42: =IF($B42="","",IFERROR(INDEX(Ex1RM,MATCH($B42,ExName,0)),"")) | S42: =IF($G42="","",IFERROR(INDEX(PrMin,MATCH($G42&"|"&$B$5,PrKey,0)),"")) | T42: =IF($G42="","",IFERROR(INDEX(PrMax,MATCH($G42&"|"&$B$5,PrKey,0)),"")) | U42: =IF($G42="","",IFERROR(INDEX(PrSetsN,MATCH($G42&"|"&$B$5,PrKey,0)),"")) | V42: =IF($G42="","",IFERROR(INDEX(PrWorkS,MATCH($G42&"|"&$B$5,PrKey,0)),"")) | W42: =IF($G42="","",IFERROR(INDEX(PrRestS,MATCH($G42&"|"&$B$5,PrKey,0)),"")) | Y42: =IF(OR(INDEX(WuTrigger,31)="Always",COUNTIF($D$30:$D$51,INDEX(WuTrigger,31))>0,COUNTIF($E$30:$E$51,INDEX(WuTrigger,31))>0),1,0) -> 0 | Z42: =INDEX(WuPriority,31)*1000+31 -> 3031 | AA42: =IF($Y42=0,"",SUMIFS(WuMin,$Y$12:$Y$60,1,$Z$12:$Z$60,"<="&$Z42)) | AB42: =IF(AND($Y42=1,$AA42<=$B$6),1,0) -> 0 | AC42: =INDEX(WuPhaseN,31)*1000+31 -> 1031 | AD42: =IF($AB42=0,"",COUNTIFS($AB$12:$AB$60,1,$AC$12:$AC$60,"<"&$AC42)+1) | AF42: =IF(OR(INDEX(MoTarget,31)="Always",COUNTIF($E$30:$E$51,INDEX(MoTarget,31))>0,COUNTIF($F$30:$F$51,"*"&INDEX(MoTarget,31)&"*")>0),1,0) -> 1 | AG42: =INDEX(MoPriority,31)*1000+31 -> 2031 | AH42: =IF($AF42=0,"",SUMIFS(MoMin,$AF$12:$AF$54,1,$AG$12:$AG$54,"<="&$AG42)) -> 26 | AI42: =IF(AND($AF42=1,$AH42<=$B$7),1,0) -> 0 | AJ42: =INDEX(MoTypeN,31)*1000+31 -> 3031 | AK42: =IF($AI42=0,"",COUNTIFS($AI$12:$AI$54,1,$AJ$12:$AJ$54,"<"&$AJ42)+1)
A43: 14 | C43: =IF($B43="","",IFERROR(INDEX(ExEquip,MATCH($B43,ExName,0)),"?")) | D43: =IF($B43="","",IFERROR(INDEX(ExPattern,MATCH($B43,ExName,0)),"?")) | E43: =IF($B43="","",IFERROR(INDEX(ExPrimary,MATCH($B43,ExName,0)),"?")) | F43: =IF($B43="","",IFERROR(INDEX(ExSecondary,MATCH($B43,ExName,0)),"")) | G43: =IF($B43="","",IFERROR(INDEX(ExProfile,MATCH($B43,ExName,0)),"?")) | H43: =IF($G43="","",IFERROR(INDEX(PrSets,MATCH($G43&"|"&$B$5,PrKey,0)),"?")) | I43: =IF($G43="","",IFERROR(INDEX(PrReps,MATCH($G43&"|"&$B$5,PrKey,0)),"?")) | J43: =IF($G43="","",IFERROR(INDEX(PrLoad,MATCH($G43&"|"&$B$5,PrKey,0)),"?")) | K43: =IF($B43="","",IF(N($S43)=0,"Bodyweight / RPE",IF(N($R43)=0,"Enter 1RM in library",TEXT(MROUND($R43*$S43,2.5),"0.0")&"–"&TEXT(MROUND($R43*$T43,2.5),"0.0")&" kg"))) | L43: =IF($G43="","",IFERROR(INDEX(PrRest,MATCH($G43&"|"&$B$5,PrKey,0)),"?")) | M43: =IF($G43="","",IFERROR(INDEX(PrNote,MATCH($G43&"|"&$B$5,PrKey,0)),"")) | P43: =IF(OR($B43="",$U43=""),"",IF($U43=0,0,ROUND(($U43*($V43+$W43)+TimeSetup)/60,0))) | R43: =IF($B43="","",IFERROR(INDEX(Ex1RM,MATCH($B43,ExName,0)),"")) | S43: =IF($G43="","",IFERROR(INDEX(PrMin,MATCH($G43&"|"&$B$5,PrKey,0)),"")) | T43: =IF($G43="","",IFERROR(INDEX(PrMax,MATCH($G43&"|"&$B$5,PrKey,0)),"")) | U43: =IF($G43="","",IFERROR(INDEX(PrSetsN,MATCH($G43&"|"&$B$5,PrKey,0)),"")) | V43: =IF($G43="","",IFERROR(INDEX(PrWorkS,MATCH($G43&"|"&$B$5,PrKey,0)),"")) | W43: =IF($G43="","",IFERROR(INDEX(PrRestS,MATCH($G43&"|"&$B$5,PrKey,0)),"")) | Y43: =IF(OR(INDEX(WuTrigger,32)="Always",COUNTIF($D$30:$D$51,INDEX(WuTrigger,32))>0,COUNTIF($E$30:$E$51,INDEX(WuTrigger,32))>0),1,0) -> 0 | Z43: =INDEX(WuPriority,32)*1000+32 -> 3032 | AA43: =IF($Y43=0,"",SUMIFS(WuMin,$Y$12:$Y$60,1,$Z$12:$Z$60,"<="&$Z43)) | AB43: =IF(AND($Y43=1,$AA43<=$B$6),1,0) -> 0 | AC43: =INDEX(WuPhaseN,32)*1000+32 -> 3032 | AD43: =IF($AB43=0,"",COUNTIFS($AB$12:$AB$60,1,$AC$12:$AC$60,"<"&$AC43)+1) | AF43: =IF(OR(INDEX(MoTarget,32)="Always",COUNTIF($E$30:$E$51,INDEX(MoTarget,32))>0,COUNTIF($F$30:$F$51,"*"&INDEX(MoTarget,32)&"*")>0),1,0) -> 1 | AG43: =INDEX(MoPriority,32)*1000+32 -> 3032 | AH43: =IF($AF43=0,"",SUMIFS(MoMin,$AF$12:$AF$54,1,$AG$12:$AG$54,"<="&$AG43)) -> 41 | AI43: =IF(AND($AF43=1,$AH43<=$B$7),1,0) -> 0 | AJ43: =INDEX(MoTypeN,32)*1000+32 -> 3032 | AK43: =IF($AI43=0,"",COUNTIFS($AI$12:$AI$54,1,$AJ$12:$AJ$54,"<"&$AJ43)+1)
A44: 15 | C44: =IF($B44="","",IFERROR(INDEX(ExEquip,MATCH($B44,ExName,0)),"?")) | D44: =IF($B44="","",IFERROR(INDEX(ExPattern,MATCH($B44,ExName,0)),"?")) | E44: =IF($B44="","",IFERROR(INDEX(ExPrimary,MATCH($B44,ExName,0)),"?")) | F44: =IF($B44="","",IFERROR(INDEX(ExSecondary,MATCH($B44,ExName,0)),"")) | G44: =IF($B44="","",IFERROR(INDEX(ExProfile,MATCH($B44,ExName,0)),"?")) | H44: =IF($G44="","",IFERROR(INDEX(PrSets,MATCH($G44&"|"&$B$5,PrKey,0)),"?")) | I44: =IF($G44="","",IFERROR(INDEX(PrReps,MATCH($G44&"|"&$B$5,PrKey,0)),"?")) | J44: =IF($G44="","",IFERROR(INDEX(PrLoad,MATCH($G44&"|"&$B$5,PrKey,0)),"?")) | K44: =IF($B44="","",IF(N($S44)=0,"Bodyweight / RPE",IF(N($R44)=0,"Enter 1RM in library",TEXT(MROUND($R44*$S44,2.5),"0.0")&"–"&TEXT(MROUND($R44*$T44,2.5),"0.0")&" kg"))) | L44: =IF($G44="","",IFERROR(INDEX(PrRest,MATCH($G44&"|"&$B$5,PrKey,0)),"?")) | M44: =IF($G44="","",IFERROR(INDEX(PrNote,MATCH($G44&"|"&$B$5,PrKey,0)),"")) | P44: =IF(OR($B44="",$U44=""),"",IF($U44=0,0,ROUND(($U44*($V44+$W44)+TimeSetup)/60,0))) | R44: =IF($B44="","",IFERROR(INDEX(Ex1RM,MATCH($B44,ExName,0)),"")) | S44: =IF($G44="","",IFERROR(INDEX(PrMin,MATCH($G44&"|"&$B$5,PrKey,0)),"")) | T44: =IF($G44="","",IFERROR(INDEX(PrMax,MATCH($G44&"|"&$B$5,PrKey,0)),"")) | U44: =IF($G44="","",IFERROR(INDEX(PrSetsN,MATCH($G44&"|"&$B$5,PrKey,0)),"")) | V44: =IF($G44="","",IFERROR(INDEX(PrWorkS,MATCH($G44&"|"&$B$5,PrKey,0)),"")) | W44: =IF($G44="","",IFERROR(INDEX(PrRestS,MATCH($G44&"|"&$B$5,PrKey,0)),"")) | Y44: =IF(OR(INDEX(WuTrigger,33)="Always",COUNTIF($D$30:$D$51,INDEX(WuTrigger,33))>0,COUNTIF($E$30:$E$51,INDEX(WuTrigger,33))>0),1,0) -> 0 | Z44: =INDEX(WuPriority,33)*1000+33 -> 4033 | AA44: =IF($Y44=0,"",SUMIFS(WuMin,$Y$12:$Y$60,1,$Z$12:$Z$60,"<="&$Z44)) | AB44: =IF(AND($Y44=1,$AA44<=$B$6),1,0) -> 0 | AC44: =INDEX(WuPhaseN,33)*1000+33 -> 3033 | AD44: =IF($AB44=0,"",COUNTIFS($AB$12:$AB$60,1,$AC$12:$AC$60,"<"&$AC44)+1) | AF44: =IF(OR(INDEX(MoTarget,33)="Always",COUNTIF($E$30:$E$51,INDEX(MoTarget,33))>0,COUNTIF($F$30:$F$51,"*"&INDEX(MoTarget,33)&"*")>0),1,0) -> 1 | AG44: =INDEX(MoPriority,33)*1000+33 -> 4033 | AH44: =IF($AF44=0,"",SUMIFS(MoMin,$AF$12:$AF$54,1,$AG$12:$AG$54,"<="&$AG44)) -> 64 | AI44: =IF(AND($AF44=1,$AH44<=$B$7),1,0) -> 0 | AJ44: =INDEX(MoTypeN,33)*1000+33 -> 3033 | AK44: =IF($AI44=0,"",COUNTIFS($AI$12:$AI$54,1,$AJ$12:$AJ$54,"<"&$AJ44)+1)
A45: 16 | C45: =IF($B45="","",IFERROR(INDEX(ExEquip,MATCH($B45,ExName,0)),"?")) | D45: =IF($B45="","",IFERROR(INDEX(ExPattern,MATCH($B45,ExName,0)),"?")) | E45: =IF($B45="","",IFERROR(INDEX(ExPrimary,MATCH($B45,ExName,0)),"?")) | F45: =IF($B45="","",IFERROR(INDEX(ExSecondary,MATCH($B45,ExName,0)),"")) | G45: =IF($B45="","",IFERROR(INDEX(ExProfile,MATCH($B45,ExName,0)),"?")) | H45: =IF($G45="","",IFERROR(INDEX(PrSets,MATCH($G45&"|"&$B$5,PrKey,0)),"?")) | I45: =IF($G45="","",IFERROR(INDEX(PrReps,MATCH($G45&"|"&$B$5,PrKey,0)),"?")) | J45: =IF($G45="","",IFERROR(INDEX(PrLoad,MATCH($G45&"|"&$B$5,PrKey,0)),"?")) | K45: =IF($B45="","",IF(N($S45)=0,"Bodyweight / RPE",IF(N($R45)=0,"Enter 1RM in library",TEXT(MROUND($R45*$S45,2.5),"0.0")&"–"&TEXT(MROUND($R45*$T45,2.5),"0.0")&" kg"))) | L45: =IF($G45="","",IFERROR(INDEX(PrRest,MATCH($G45&"|"&$B$5,PrKey,0)),"?")) | M45: =IF($G45="","",IFERROR(INDEX(PrNote,MATCH($G45&"|"&$B$5,PrKey,0)),"")) | P45: =IF(OR($B45="",$U45=""),"",IF($U45=0,0,ROUND(($U45*($V45+$W45)+TimeSetup)/60,0))) | R45: =IF($B45="","",IFERROR(INDEX(Ex1RM,MATCH($B45,ExName,0)),"")) | S45: =IF($G45="","",IFERROR(INDEX(PrMin,MATCH($G45&"|"&$B$5,PrKey,0)),"")) | T45: =IF($G45="","",IFERROR(INDEX(PrMax,MATCH($G45&"|"&$B$5,PrKey,0)),"")) | U45: =IF($G45="","",IFERROR(INDEX(PrSetsN,MATCH($G45&"|"&$B$5,PrKey,0)),"")) | V45: =IF($G45="","",IFERROR(INDEX(PrWorkS,MATCH($G45&"|"&$B$5,PrKey,0)),"")) | W45: =IF($G45="","",IFERROR(INDEX(PrRestS,MATCH($G45&"|"&$B$5,PrKey,0)),"")) | Y45: =IF(OR(INDEX(WuTrigger,34)="Always",COUNTIF($D$30:$D$51,INDEX(WuTrigger,34))>0,COUNTIF($E$30:$E$51,INDEX(WuTrigger,34))>0),1,0) -> 1 | Z45: =INDEX(WuPriority,34)*1000+34 -> 4034 | AA45: =IF($Y45=0,"",SUMIFS(WuMin,$Y$12:$Y$60,1,$Z$12:$Z$60,"<="&$Z45)) -> 24 | AB45: =IF(AND($Y45=1,$AA45<=$B$6),1,0) -> 0 | AC45: =INDEX(WuPhaseN,34)*1000+34 -> 3034 | AD45: =IF($AB45=0,"",COUNTIFS($AB$12:$AB$60,1,$AC$12:$AC$60,"<"&$AC45)+1) | AF45: =IF(OR(INDEX(MoTarget,34)="Always",COUNTIF($E$30:$E$51,INDEX(MoTarget,34))>0,COUNTIF($F$30:$F$51,"*"&INDEX(MoTarget,34)&"*")>0),1,0) -> 0 | AG45: =INDEX(MoPriority,34)*1000+34 -> 3034 | AH45: =IF($AF45=0,"",SUMIFS(MoMin,$AF$12:$AF$54,1,$AG$12:$AG$54,"<="&$AG45)) | AI45: =IF(AND($AF45=1,$AH45<=$B$7),1,0) -> 0 | AJ45: =INDEX(MoTypeN,34)*1000+34 -> 3034 | AK45: =IF($AI45=0,"",COUNTIFS($AI$12:$AI$54,1,$AJ$12:$AJ$54,"<"&$AJ45)+1)
A46: 17 | C46: =IF($B46="","",IFERROR(INDEX(ExEquip,MATCH($B46,ExName,0)),"?")) | D46: =IF($B46="","",IFERROR(INDEX(ExPattern,MATCH($B46,ExName,0)),"?")) | E46: =IF($B46="","",IFERROR(INDEX(ExPrimary,MATCH($B46,ExName,0)),"?")) | F46: =IF($B46="","",IFERROR(INDEX(ExSecondary,MATCH($B46,ExName,0)),"")) | G46: =IF($B46="","",IFERROR(INDEX(ExProfile,MATCH($B46,ExName,0)),"?")) | H46: =IF($G46="","",IFERROR(INDEX(PrSets,MATCH($G46&"|"&$B$5,PrKey,0)),"?")) | I46: =IF($G46="","",IFERROR(INDEX(PrReps,MATCH($G46&"|"&$B$5,PrKey,0)),"?")) | J46: =IF($G46="","",IFERROR(INDEX(PrLoad,MATCH($G46&"|"&$B$5,PrKey,0)),"?")) | K46: =IF($B46="","",IF(N($S46)=0,"Bodyweight / RPE",IF(N($R46)=0,"Enter 1RM in library",TEXT(MROUND($R46*$S46,2.5),"0.0")&"–"&TEXT(MROUND($R46*$T46,2.5),"0.0")&" kg"))) | L46: =IF($G46="","",IFERROR(INDEX(PrRest,MATCH($G46&"|"&$B$5,PrKey,0)),"?")) | M46: =IF($G46="","",IFERROR(INDEX(PrNote,MATCH($G46&"|"&$B$5,PrKey,0)),"")) | P46: =IF(OR($B46="",$U46=""),"",IF($U46=0,0,ROUND(($U46*($V46+$W46)+TimeSetup)/60,0))) | R46: =IF($B46="","",IFERROR(INDEX(Ex1RM,MATCH($B46,ExName,0)),"")) | S46: =IF($G46="","",IFERROR(INDEX(PrMin,MATCH($G46&"|"&$B$5,PrKey,0)),"")) | T46: =IF($G46="","",IFERROR(INDEX(PrMax,MATCH($G46&"|"&$B$5,PrKey,0)),"")) | U46: =IF($G46="","",IFERROR(INDEX(PrSetsN,MATCH($G46&"|"&$B$5,PrKey,0)),"")) | V46: =IF($G46="","",IFERROR(INDEX(PrWorkS,MATCH($G46&"|"&$B$5,PrKey,0)),"")) | W46: =IF($G46="","",IFERROR(INDEX(PrRestS,MATCH($G46&"|"&$B$5,PrKey,0)),"")) | Y46: =IF(OR(INDEX(WuTrigger,35)="Always",COUNTIF($D$30:$D$51,INDEX(WuTrigger,35))>0,COUNTIF($E$30:$E$51,INDEX(WuTrigger,35))>0),1,0) -> 1 | Z46: =INDEX(WuPriority,35)*1000+35 -> 5035 | AA46: =IF($Y46=0,"",SUMIFS(WuMin,$Y$12:$Y$60,1,$Z$12:$Z$60,"<="&$Z46)) -> 38 | AB46: =IF(AND($Y46=1,$AA46<=$B$6),1,0) -> 0 | AC46: =INDEX(WuPhaseN,35)*1000+35 -> 3035 | AD46: =IF($AB46=0,"",COUNTIFS($AB$12:$AB$60,1,$AC$12:$AC$60,"<"&$AC46)+1) | AF46: =IF(OR(INDEX(MoTarget,35)="Always",COUNTIF($E$30:$E$51,INDEX(MoTarget,35))>0,COUNTIF($F$30:$F$51,"*"&INDEX(MoTarget,35)&"*")>0),1,0) -> 0 | AG46: =INDEX(MoPriority,35)*1000+35 -> 2035 | AH46: =IF($AF46=0,"",SUMIFS(MoMin,$AF$12:$AF$54,1,$AG$12:$AG$54,"<="&$AG46)) | AI46: =IF(AND($AF46=1,$AH46<=$B$7),1,0) -> 0 | AJ46: =INDEX(MoTypeN,35)*1000+35 -> 3035 | AK46: =IF($AI46=0,"",COUNTIFS($AI$12:$AI$54,1,$AJ$12:$AJ$54,"<"&$AJ46)+1)
A47: 18 | C47: =IF($B47="","",IFERROR(INDEX(ExEquip,MATCH($B47,ExName,0)),"?")) | D47: =IF($B47="","",IFERROR(INDEX(ExPattern,MATCH($B47,ExName,0)),"?")) | E47: =IF($B47="","",IFERROR(INDEX(ExPrimary,MATCH($B47,ExName,0)),"?")) | F47: =IF($B47="","",IFERROR(INDEX(ExSecondary,MATCH($B47,ExName,0)),"")) | G47: =IF($B47="","",IFERROR(INDEX(ExProfile,MATCH($B47,ExName,0)),"?")) | H47: =IF($G47="","",IFERROR(INDEX(PrSets,MATCH($G47&"|"&$B$5,PrKey,0)),"?")) | I47: =IF($G47="","",IFERROR(INDEX(PrReps,MATCH($G47&"|"&$B$5,PrKey,0)),"?")) | J47: =IF($G47="","",IFERROR(INDEX(PrLoad,MATCH($G47&"|"&$B$5,PrKey,0)),"?")) | K47: =IF($B47="","",IF(N($S47)=0,"Bodyweight / RPE",IF(N($R47)=0,"Enter 1RM in library",TEXT(MROUND($R47*$S47,2.5),"0.0")&"–"&TEXT(MROUND($R47*$T47,2.5),"0.0")&" kg"))) | L47: =IF($G47="","",IFERROR(INDEX(PrRest,MATCH($G47&"|"&$B$5,PrKey,0)),"?")) | M47: =IF($G47="","",IFERROR(INDEX(PrNote,MATCH($G47&"|"&$B$5,PrKey,0)),"")) | P47: =IF(OR($B47="",$U47=""),"",IF($U47=0,0,ROUND(($U47*($V47+$W47)+TimeSetup)/60,0))) | R47: =IF($B47="","",IFERROR(INDEX(Ex1RM,MATCH($B47,ExName,0)),"")) | S47: =IF($G47="","",IFERROR(INDEX(PrMin,MATCH($G47&"|"&$B$5,PrKey,0)),"")) | T47: =IF($G47="","",IFERROR(INDEX(PrMax,MATCH($G47&"|"&$B$5,PrKey,0)),"")) | U47: =IF($G47="","",IFERROR(INDEX(PrSetsN,MATCH($G47&"|"&$B$5,PrKey,0)),"")) | V47: =IF($G47="","",IFERROR(INDEX(PrWorkS,MATCH($G47&"|"&$B$5,PrKey,0)),"")) | W47: =IF($G47="","",IFERROR(INDEX(PrRestS,MATCH($G47&"|"&$B$5,PrKey,0)),"")) | Y47: =IF(OR(INDEX(WuTrigger,36)="Always",COUNTIF($D$30:$D$51,INDEX(WuTrigger,36))>0,COUNTIF($E$30:$E$51,INDEX(WuTrigger,36))>0),1,0) -> 1 | Z47: =INDEX(WuPriority,36)*1000+36 -> 4036 | AA47: =IF($Y47=0,"",SUMIFS(WuMin,$Y$12:$Y$60,1,$Z$12:$Z$60,"<="&$Z47)) -> 26 | AB47: =IF(AND($Y47=1,$AA47<=$B$6),1,0) -> 0 | AC47: =INDEX(WuPhaseN,36)*1000+36 -> 3036 | AD47: =IF($AB47=0,"",COUNTIFS($AB$12:$AB$60,1,$AC$12:$AC$60,"<"&$AC47)+1) | AF47: =IF(OR(INDEX(MoTarget,36)="Always",COUNTIF($E$30:$E$51,INDEX(MoTarget,36))>0,COUNTIF($F$30:$F$51,"*"&INDEX(MoTarget,36)&"*")>0),1,0) -> 0 | AG47: =INDEX(MoPriority,36)*1000+36 -> 3036 | AH47: =IF($AF47=0,"",SUMIFS(MoMin,$AF$12:$AF$54,1,$AG$12:$AG$54,"<="&$AG47)) | AI47: =IF(AND($AF47=1,$AH47<=$B$7),1,0) -> 0 | AJ47: =INDEX(MoTypeN,36)*1000+36 -> 3036 | AK47: =IF($AI47=0,"",COUNTIFS($AI$12:$AI$54,1,$AJ$12:$AJ$54,"<"&$AJ47)+1)
A48: 19 | C48: =IF($B48="","",IFERROR(INDEX(ExEquip,MATCH($B48,ExName,0)),"?")) | D48: =IF($B48="","",IFERROR(INDEX(ExPattern,MATCH($B48,ExName,0)),"?")) | E48: =IF($B48="","",IFERROR(INDEX(ExPrimary,MATCH($B48,ExName,0)),"?")) | F48: =IF($B48="","",IFERROR(INDEX(ExSecondary,MATCH($B48,ExName,0)),"")) | G48: =IF($B48="","",IFERROR(INDEX(ExProfile,MATCH($B48,ExName,0)),"?")) | H48: =IF($G48="","",IFERROR(INDEX(PrSets,MATCH($G48&"|"&$B$5,PrKey,0)),"?")) | I48: =IF($G48="","",IFERROR(INDEX(PrReps,MATCH($G48&"|"&$B$5,PrKey,0)),"?")) | J48: =IF($G48="","",IFERROR(INDEX(PrLoad,MATCH($G48&"|"&$B$5,PrKey,0)),"?")) | K48: =IF($B48="","",IF(N($S48)=0,"Bodyweight / RPE",IF(N($R48)=0,"Enter 1RM in library",TEXT(MROUND($R48*$S48,2.5),"0.0")&"–"&TEXT(MROUND($R48*$T48,2.5),"0.0")&" kg"))) | L48: =IF($G48="","",IFERROR(INDEX(PrRest,MATCH($G48&"|"&$B$5,PrKey,0)),"?")) | M48: =IF($G48="","",IFERROR(INDEX(PrNote,MATCH($G48&"|"&$B$5,PrKey,0)),"")) | P48: =IF(OR($B48="",$U48=""),"",IF($U48=0,0,ROUND(($U48*($V48+$W48)+TimeSetup)/60,0))) | R48: =IF($B48="","",IFERROR(INDEX(Ex1RM,MATCH($B48,ExName,0)),"")) | S48: =IF($G48="","",IFERROR(INDEX(PrMin,MATCH($G48&"|"&$B$5,PrKey,0)),"")) | T48: =IF($G48="","",IFERROR(INDEX(PrMax,MATCH($G48&"|"&$B$5,PrKey,0)),"")) | U48: =IF($G48="","",IFERROR(INDEX(PrSetsN,MATCH($G48&"|"&$B$5,PrKey,0)),"")) | V48: =IF($G48="","",IFERROR(INDEX(PrWorkS,MATCH($G48&"|"&$B$5,PrKey,0)),"")) | W48: =IF($G48="","",IFERROR(INDEX(PrRestS,MATCH($G48&"|"&$B$5,PrKey,0)),"")) | Y48: =IF(OR(INDEX(WuTrigger,37)="Always",COUNTIF($D$30:$D$51,INDEX(WuTrigger,37))>0,COUNTIF($E$30:$E$51,INDEX(WuTrigger,37))>0),1,0) -> 1 | Z48: =INDEX(WuPriority,37)*1000+37 -> 4037 | AA48: =IF($Y48=0,"",SUMIFS(WuMin,$Y$12:$Y$60,1,$Z$12:$Z$60,"<="&$Z48)) -> 28 | AB48: =IF(AND($Y48=1,$AA48<=$B$6),1,0) -> 0 | AC48: =INDEX(WuPhaseN,37)*1000+37 -> 4037 | AD48: =IF($AB48=0,"",COUNTIFS($AB$12:$AB$60,1,$AC$12:$AC$60,"<"&$AC48)+1) | AF48: =IF(OR(INDEX(MoTarget,37)="Always",COUNTIF($E$30:$E$51,INDEX(MoTarget,37))>0,COUNTIF($F$30:$F$51,"*"&INDEX(MoTarget,37)&"*")>0),1,0) -> 0 | AG48: =INDEX(MoPriority,37)*1000+37 -> 4037 | AH48: =IF($AF48=0,"",SUMIFS(MoMin,$AF$12:$AF$54,1,$AG$12:$AG$54,"<="&$AG48)) | AI48: =IF(AND($AF48=1,$AH48<=$B$7),1,0) -> 0 | AJ48: =INDEX(MoTypeN,37)*1000+37 -> 3037 | AK48: =IF($AI48=0,"",COUNTIFS($AI$12:$AI$54,1,$AJ$12:$AJ$54,"<"&$AJ48)+1)
A49: 20 | C49: =IF($B49="","",IFERROR(INDEX(ExEquip,MATCH($B49,ExName,0)),"?")) | D49: =IF($B49="","",IFERROR(INDEX(ExPattern,MATCH($B49,ExName,0)),"?")) | E49: =IF($B49="","",IFERROR(INDEX(ExPrimary,MATCH($B49,ExName,0)),"?")) | F49: =IF($B49="","",IFERROR(INDEX(ExSecondary,MATCH($B49,ExName,0)),"")) | G49: =IF($B49="","",IFERROR(INDEX(ExProfile,MATCH($B49,ExName,0)),"?")) | H49: =IF($G49="","",IFERROR(INDEX(PrSets,MATCH($G49&"|"&$B$5,PrKey,0)),"?")) | I49: =IF($G49="","",IFERROR(INDEX(PrReps,MATCH($G49&"|"&$B$5,PrKey,0)),"?")) | J49: =IF($G49="","",IFERROR(INDEX(PrLoad,MATCH($G49&"|"&$B$5,PrKey,0)),"?")) | K49: =IF($B49="","",IF(N($S49)=0,"Bodyweight / RPE",IF(N($R49)=0,"Enter 1RM in library",TEXT(MROUND($R49*$S49,2.5),"0.0")&"–"&TEXT(MROUND($R49*$T49,2.5),"0.0")&" kg"))) | L49: =IF($G49="","",IFERROR(INDEX(PrRest,MATCH($G49&"|"&$B$5,PrKey,0)),"?")) | M49: =IF($G49="","",IFERROR(INDEX(PrNote,MATCH($G49&"|"&$B$5,PrKey,0)),"")) | P49: =IF(OR($B49="",$U49=""),"",IF($U49=0,0,ROUND(($U49*($V49+$W49)+TimeSetup)/60,0))) | R49: =IF($B49="","",IFERROR(INDEX(Ex1RM,MATCH($B49,ExName,0)),"")) | S49: =IF($G49="","",IFERROR(INDEX(PrMin,MATCH($G49&"|"&$B$5,PrKey,0)),"")) | T49: =IF($G49="","",IFERROR(INDEX(PrMax,MATCH($G49&"|"&$B$5,PrKey,0)),"")) | U49: =IF($G49="","",IFERROR(INDEX(PrSetsN,MATCH($G49&"|"&$B$5,PrKey,0)),"")) | V49: =IF($G49="","",IFERROR(INDEX(PrWorkS,MATCH($G49&"|"&$B$5,PrKey,0)),"")) | W49: =IF($G49="","",IFERROR(INDEX(PrRestS,MATCH($G49&"|"&$B$5,PrKey,0)),"")) | Y49: =IF(OR(INDEX(WuTrigger,38)="Always",COUNTIF($D$30:$D$51,INDEX(WuTrigger,38))>0,COUNTIF($E$30:$E$51,INDEX(WuTrigger,38))>0),1,0) -> 1 | Z49: =INDEX(WuPriority,38)*1000+38 -> 6038 | AA49: =IF($Y49=0,"",SUMIFS(WuMin,$Y$12:$Y$60,1,$Z$12:$Z$60,"<="&$Z49)) -> 47 | AB49: =IF(AND($Y49=1,$AA49<=$B$6),1,0) -> 0 | AC49: =INDEX(WuPhaseN,38)*1000+38 -> 2038 | AD49: =IF($AB49=0,"",COUNTIFS($AB$12:$AB$60,1,$AC$12:$AC$60,"<"&$AC49)+1) | AF49: =IF(OR(INDEX(MoTarget,38)="Always",COUNTIF($E$30:$E$51,INDEX(MoTarget,38))>0,COUNTIF($F$30:$F$51,"*"&INDEX(MoTarget,38)&"*")>0),1,0) -> 1 | AG49: =INDEX(MoPriority,38)*1000+38 -> 3038 | AH49: =IF($AF49=0,"",SUMIFS(MoMin,$AF$12:$AF$54,1,$AG$12:$AG$54,"<="&$AG49)) -> 43 | AI49: =IF(AND($AF49=1,$AH49<=$B$7),1,0) -> 0 | AJ49: =INDEX(MoTypeN,38)*1000+38 -> 3038 | AK49: =IF($AI49=0,"",COUNTIFS($AI$12:$AI$54,1,$AJ$12:$AJ$54,"<"&$AJ49)+1)
A50: 21 | C50: =IF($B50="","",IFERROR(INDEX(ExEquip,MATCH($B50,ExName,0)),"?")) | D50: =IF($B50="","",IFERROR(INDEX(ExPattern,MATCH($B50,ExName,0)),"?")) | E50: =IF($B50="","",IFERROR(INDEX(ExPrimary,MATCH($B50,ExName,0)),"?")) | F50: =IF($B50="","",IFERROR(INDEX(ExSecondary,MATCH($B50,ExName,0)),"")) | G50: =IF($B50="","",IFERROR(INDEX(ExProfile,MATCH($B50,ExName,0)),"?")) | H50: =IF($G50="","",IFERROR(INDEX(PrSets,MATCH($G50&"|"&$B$5,PrKey,0)),"?")) | I50: =IF($G50="","",IFERROR(INDEX(PrReps,MATCH($G50&"|"&$B$5,PrKey,0)),"?")) | J50: =IF($G50="","",IFERROR(INDEX(PrLoad,MATCH($G50&"|"&$B$5,PrKey,0)),"?")) | K50: =IF($B50="","",IF(N($S50)=0,"Bodyweight / RPE",IF(N($R50)=0,"Enter 1RM in library",TEXT(MROUND($R50*$S50,2.5),"0.0")&"–"&TEXT(MROUND($R50*$T50,2.5),"0.0")&" kg"))) | L50: =IF($G50="","",IFERROR(INDEX(PrRest,MATCH($G50&"|"&$B$5,PrKey,0)),"?")) | M50: =IF($G50="","",IFERROR(INDEX(PrNote,MATCH($G50&"|"&$B$5,PrKey,0)),"")) | P50: =IF(OR($B50="",$U50=""),"",IF($U50=0,0,ROUND(($U50*($V50+$W50)+TimeSetup)/60,0))) | R50: =IF($B50="","",IFERROR(INDEX(Ex1RM,MATCH($B50,ExName,0)),"")) | S50: =IF($G50="","",IFERROR(INDEX(PrMin,MATCH($G50&"|"&$B$5,PrKey,0)),"")) | T50: =IF($G50="","",IFERROR(INDEX(PrMax,MATCH($G50&"|"&$B$5,PrKey,0)),"")) | U50: =IF($G50="","",IFERROR(INDEX(PrSetsN,MATCH($G50&"|"&$B$5,PrKey,0)),"")) | V50: =IF($G50="","",IFERROR(INDEX(PrWorkS,MATCH($G50&"|"&$B$5,PrKey,0)),"")) | W50: =IF($G50="","",IFERROR(INDEX(PrRestS,MATCH($G50&"|"&$B$5,PrKey,0)),"")) | Y50: =IF(OR(INDEX(WuTrigger,39)="Always",COUNTIF($D$30:$D$51,INDEX(WuTrigger,39))>0,COUNTIF($E$30:$E$51,INDEX(WuTrigger,39))>0),1,0) -> 0 | Z50: =INDEX(WuPriority,39)*1000+39 -> 5039 | AA50: =IF($Y50=0,"",SUMIFS(WuMin,$Y$12:$Y$60,1,$Z$12:$Z$60,"<="&$Z50)) | AB50: =IF(AND($Y50=1,$AA50<=$B$6),1,0) -> 0 | AC50: =INDEX(WuPhaseN,39)*1000+39 -> 3039 | AD50: =IF($AB50=0,"",COUNTIFS($AB$12:$AB$60,1,$AC$12:$AC$60,"<"&$AC50)+1) | AF50: =IF(OR(INDEX(MoTarget,39)="Always",COUNTIF($E$30:$E$51,INDEX(MoTarget,39))>0,COUNTIF($F$30:$F$51,"*"&INDEX(MoTarget,39)&"*")>0),1,0) -> 1 | AG50: =INDEX(MoPriority,39)*1000+39 -> 3039 | AH50: =IF($AF50=0,"",SUMIFS(MoMin,$AF$12:$AF$54,1,$AG$12:$AG$54,"<="&$AG50)) -> 45 | AI50: =IF(AND($AF50=1,$AH50<=$B$7),1,0) -> 0 | AJ50: =INDEX(MoTypeN,39)*1000+39 -> 3039 | AK50: =IF($AI50=0,"",COUNTIFS($AI$12:$AI$54,1,$AJ$12:$AJ$54,"<"&$AJ50)+1)
A51: 22 | C51: =IF($B51="","",IFERROR(INDEX(ExEquip,MATCH($B51,ExName,0)),"?")) | D51: =IF($B51="","",IFERROR(INDEX(ExPattern,MATCH($B51,ExName,0)),"?")) | E51: =IF($B51="","",IFERROR(INDEX(ExPrimary,MATCH($B51,ExName,0)),"?")) | F51: =IF($B51="","",IFERROR(INDEX(ExSecondary,MATCH($B51,ExName,0)),"")) | G51: =IF($B51="","",IFERROR(INDEX(ExProfile,MATCH($B51,ExName,0)),"?")) | H51: =IF($G51="","",IFERROR(INDEX(PrSets,MATCH($G51&"|"&$B$5,PrKey,0)),"?")) | I51: =IF($G51="","",IFERROR(INDEX(PrReps,MATCH($G51&"|"&$B$5,PrKey,0)),"?")) | J51: =IF($G51="","",IFERROR(INDEX(PrLoad,MATCH($G51&"|"&$B$5,PrKey,0)),"?")) | K51: =IF($B51="","",IF(N($S51)=0,"Bodyweight / RPE",IF(N($R51)=0,"Enter 1RM in library",TEXT(MROUND($R51*$S51,2.5),"0.0")&"–"&TEXT(MROUND($R51*$T51,2.5),"0.0")&" kg"))) | L51: =IF($G51="","",IFERROR(INDEX(PrRest,MATCH($G51&"|"&$B$5,PrKey,0)),"?")) | M51: =IF($G51="","",IFERROR(INDEX(PrNote,MATCH($G51&"|"&$B$5,PrKey,0)),"")) | P51: =IF(OR($B51="",$U51=""),"",IF($U51=0,0,ROUND(($U51*($V51+$W51)+TimeSetup)/60,0))) | R51: =IF($B51="","",IFERROR(INDEX(Ex1RM,MATCH($B51,ExName,0)),"")) | S51: =IF($G51="","",IFERROR(INDEX(PrMin,MATCH($G51&"|"&$B$5,PrKey,0)),"")) | T51: =IF($G51="","",IFERROR(INDEX(PrMax,MATCH($G51&"|"&$B$5,PrKey,0)),"")) | U51: =IF($G51="","",IFERROR(INDEX(PrSetsN,MATCH($G51&"|"&$B$5,PrKey,0)),"")) | V51: =IF($G51="","",IFERROR(INDEX(PrWorkS,MATCH($G51&"|"&$B$5,PrKey,0)),"")) | W51: =IF($G51="","",IFERROR(INDEX(PrRestS,MATCH($G51&"|"&$B$5,PrKey,0)),"")) | Y51: =IF(OR(INDEX(WuTrigger,40)="Always",COUNTIF($D$30:$D$51,INDEX(WuTrigger,40))>0,COUNTIF($E$30:$E$51,INDEX(WuTrigger,40))>0),1,0) -> 0 | Z51: =INDEX(WuPriority,40)*1000+40 -> 5040 | AA51: =IF($Y51=0,"",SUMIFS(WuMin,$Y$12:$Y$60,1,$Z$12:$Z$60,"<="&$Z51)) | AB51: =IF(AND($Y51=1,$AA51<=$B$6),1,0) -> 0 | AC51: =INDEX(WuPhaseN,40)*1000+40 -> 2040 | AD51: =IF($AB51=0,"",COUNTIFS($AB$12:$AB$60,1,$AC$12:$AC$60,"<"&$AC51)+1) | AF51: =IF(OR(INDEX(MoTarget,40)="Always",COUNTIF($E$30:$E$51,INDEX(MoTarget,40))>0,COUNTIF($F$30:$F$51,"*"&INDEX(MoTarget,40)&"*")>0),1,0) -> 1 | AG51: =INDEX(MoPriority,40)*1000+40 -> 3040 | AH51: =IF($AF51=0,"",SUMIFS(MoMin,$AF$12:$AF$54,1,$AG$12:$AG$54,"<="&$AG51)) -> 47 | AI51: =IF(AND($AF51=1,$AH51<=$B$7),1,0) -> 0 | AJ51: =INDEX(MoTypeN,40)*1000+40 -> 3040 | AK51: =IF($AI51=0,"",COUNTIFS($AI$12:$AI$54,1,$AJ$12:$AJ$54,"<"&$AJ51)+1)
A52: Main session total (min) | P52: =SUM($P$30:$P$51) -> 78 | Y52: =IF(OR(INDEX(WuTrigger,41)="Always",COUNTIF($D$30:$D$51,INDEX(WuTrigger,41))>0,COUNTIF($E$30:$E$51,INDEX(WuTrigger,41))>0),1,0) -> 1 | Z52: =INDEX(WuPriority,41)*1000+41 -> 7041 | AA52: =IF($Y52=0,"",SUMIFS(WuMin,$Y$12:$Y$60,1,$Z$12:$Z$60,"<="&$Z52)) -> 49 | AB52: =IF(AND($Y52=1,$AA52<=$B$6),1,0) -> 0 | AC52: =INDEX(WuPhaseN,41)*1000+41 -> 2041 | AD52: =IF($AB52=0,"",COUNTIFS($AB$12:$AB$60,1,$AC$12:$AC$60,"<"&$AC52)+1) | AF52: =IF(OR(INDEX(MoTarget,41)="Always",COUNTIF($E$30:$E$51,INDEX(MoTarget,41))>0,COUNTIF($F$30:$F$51,"*"&INDEX(MoTarget,41)&"*")>0),1,0) -> 1 | AG52: =INDEX(MoPriority,41)*1000+41 -> 4041 | AH52: =IF($AF52=0,"",SUMIFS(MoMin,$AF$12:$AF$54,1,$AG$12:$AG$54,"<="&$AG52)) -> 66 | AI52: =IF(AND($AF52=1,$AH52<=$B$7),1,0) -> 0 | AJ52: =INDEX(MoTypeN,41)*1000+41 -> 3041 | AK52: =IF($AI52=0,"",COUNTIFS($AI$12:$AI$54,1,$AJ$12:$AJ$54,"<"&$AJ52)+1)
Y53: =IF(OR(INDEX(WuTrigger,42)="Always",COUNTIF($D$30:$D$51,INDEX(WuTrigger,42))>0,COUNTIF($E$30:$E$51,INDEX(WuTrigger,42))>0),1,0) -> 0 | Z53: =INDEX(WuPriority,42)*1000+42 -> 6042 | AA53: =IF($Y53=0,"",SUMIFS(WuMin,$Y$12:$Y$60,1,$Z$12:$Z$60,"<="&$Z53)) | AB53: =IF(AND($Y53=1,$AA53<=$B$6),1,0) -> 0 | AC53: =INDEX(WuPhaseN,42)*1000+42 -> 3042 | AD53: =IF($AB53=0,"",COUNTIFS($AB$12:$AB$60,1,$AC$12:$AC$60,"<"&$AC53)+1) | AF53: =IF(OR(INDEX(MoTarget,42)="Always",COUNTIF($E$30:$E$51,INDEX(MoTarget,42))>0,COUNTIF($F$30:$F$51,"*"&INDEX(MoTarget,42)&"*")>0),1,0) -> 1 | AG53: =INDEX(MoPriority,42)*1000+42 -> 3042 | AH53: =IF($AF53=0,"",SUMIFS(MoMin,$AF$12:$AF$54,1,$AG$12:$AG$54,"<="&$AG53)) -> 50 | AI53: =IF(AND($AF53=1,$AH53<=$B$7),1,0) -> 0 | AJ53: =INDEX(MoTypeN,42)*1000+42 -> 5042 | AK53: =IF($AI53=0,"",COUNTIFS($AI$12:$AI$54,1,$AJ$12:$AJ$54,"<"&$AJ53)+1)
A54: COOL-DOWN — mobility on a mat, picked from the muscles you just trained | Y54: =IF(OR(INDEX(WuTrigger,43)="Always",COUNTIF($D$30:$D$51,INDEX(WuTrigger,43))>0,COUNTIF($E$30:$E$51,INDEX(WuTrigger,43))>0),1,0) -> 0 | Z54: =INDEX(WuPriority,43)*1000+43 -> 6043 | AA54: =IF($Y54=0,"",SUMIFS(WuMin,$Y$12:$Y$60,1,$Z$12:$Z$60,"<="&$Z54)) | AB54: =IF(AND($Y54=1,$AA54<=$B$6),1,0) -> 0 | AC54: =INDEX(WuPhaseN,43)*1000+43 -> 2043 | AD54: =IF($AB54=0,"",COUNTIFS($AB$12:$AB$60,1,$AC$12:$AC$60,"<"&$AC54)+1) | AF54: =IF(OR(INDEX(MoTarget,43)="Always",COUNTIF($E$30:$E$51,INDEX(MoTarget,43))>0,COUNTIF($F$30:$F$51,"*"&INDEX(MoTarget,43)&"*")>0),1,0) -> 1 | AG54: =INDEX(MoPriority,43)*1000+43 -> 4043 | AH54: =IF($AF54=0,"",SUMIFS(MoMin,$AF$12:$AF$54,1,$AG$12:$AG$54,"<="&$AG54)) -> 68 | AI54: =IF(AND($AF54=1,$AH54<=$B$7),1,0) -> 0 | AJ54: =INDEX(MoTypeN,43)*1000+43 -> 5043 | AK54: =IF($AI54=0,"",COUNTIFS($AI$12:$AI$54,1,$AJ$12:$AJ$54,"<"&$AJ54)+1)
A55: # | B55: Exercise | C55: Type | D55: Target | E55: Min | F55: How to do it | Y55: =IF(OR(INDEX(WuTrigger,44)="Always",COUNTIF($D$30:$D$51,INDEX(WuTrigger,44))>0,COUNTIF($E$30:$E$51,INDEX(WuTrigger,44))>0),1,0) -> 0 | Z55: =INDEX(WuPriority,44)*1000+44 -> 6044 | AA55: =IF($Y55=0,"",SUMIFS(WuMin,$Y$12:$Y$60,1,$Z$12:$Z$60,"<="&$Z55)) | AB55: =IF(AND($Y55=1,$AA55<=$B$6),1,0) -> 0 | AC55: =INDEX(WuPhaseN,44)*1000+44 -> 2044 | AD55: =IF($AB55=0,"",COUNTIFS($AB$12:$AB$60,1,$AC$12:$AC$60,"<"&$AC55)+1)
A56: 1 | B56: =IFERROR(INDEX(MoName,MATCH(1,$AK$12:$AK$54,0)),"") -> Cat-Cow | C56: =IF($B56="","",INDEX(MoType,MATCH(1,$AK$12:$AK$54,0))) -> Flow | D56: =IF($B56="","",INDEX(MoTarget,MATCH(1,$AK$12:$AK$54,0))) -> Always | E56: =IF($B56="","",INDEX(MoMin,MATCH(1,$AK$12:$AK$54,0))) -> 2 | F56: =IF($B56="","",INDEX(MoHow,MATCH(1,$AK$12:$AK$54,0))) -> On all fours. Inhale into extension, exhale into flexion. 10 slow cycles. | Y56: =IF(OR(INDEX(WuTrigger,45)="Always",COUNTIF($D$30:$D$51,INDEX(WuTrigger,45))>0,COUNTIF($E$30:$E$51,INDEX(WuTrigger,45))>0),1,0) -> 0 | Z56: =INDEX(WuPriority,45)*1000+45 -> 7045 | AA56: =IF($Y56=0,"",SUMIFS(WuMin,$Y$12:$Y$60,1,$Z$12:$Z$60,"<="&$Z56)) | AB56: =IF(AND($Y56=1,$AA56<=$B$6),1,0) -> 0 | AC56: =INDEX(WuPhaseN,45)*1000+45 -> 2045 | AD56: =IF($AB56=0,"",COUNTIFS($AB$12:$AB$60,1,$AC$12:$AC$60,"<"&$AC56)+1)
A57: 2 | B57: =IFERROR(INDEX(MoName,MATCH(2,$AK$12:$AK$54,0)),"") -> Downward Dog | C57: =IF($B57="","",INDEX(MoType,MATCH(2,$AK$12:$AK$54,0))) -> Flow | D57: =IF($B57="","",INDEX(MoTarget,MATCH(2,$AK$12:$AK$54,0))) -> Always | E57: =IF($B57="","",INDEX(MoMin,MATCH(2,$AK$12:$AK$54,0))) -> 2 | F57: =IF($B57="","",INDEX(MoHow,MATCH(2,$AK$12:$AK$54,0))) -> Press the floor away, pedal the heels. Hold 60 s, twice. | Y57: =IF(OR(INDEX(WuTrigger,46)="Always",COUNTIF($D$30:$D$51,INDEX(WuTrigger,46))>0,COUNTIF($E$30:$E$51,INDEX(WuTrigger,46))>0),1,0) -> 1 | Z57: =INDEX(WuPriority,46)*1000+46 -> 7046 | AA57: =IF($Y57=0,"",SUMIFS(WuMin,$Y$12:$Y$60,1,$Z$12:$Z$60,"<="&$Z57)) -> 51 | AB57: =IF(AND($Y57=1,$AA57<=$B$6),1,0) -> 0 | AC57: =INDEX(WuPhaseN,46)*1000+46 -> 3046 | AD57: =IF($AB57=0,"",COUNTIFS($AB$12:$AB$60,1,$AC$12:$AC$60,"<"&$AC57)+1)
A58: 3 | B58: =IFERROR(INDEX(MoName,MATCH(3,$AK$12:$AK$54,0)),"") -> Pigeon Pose | C58: =IF($B58="","",INDEX(MoType,MATCH(3,$AK$12:$AK$54,0))) -> Lower body | D58: =IF($B58="","",INDEX(MoTarget,MATCH(3,$AK$12:$AK$54,0))) -> Glutes | E58: =IF($B58="","",INDEX(MoMin,MATCH(3,$AK$12:$AK$54,0))) -> 3 | F58: =IF($B58="","",INDEX(MoHow,MATCH(3,$AK$12:$AK$54,0))) -> Front shin angled across the mat, hips square. 90 s per side. | Y58: =IF(OR(INDEX(WuTrigger,47)="Always",COUNTIF($D$30:$D$51,INDEX(WuTrigger,47))>0,COUNTIF($E$30:$E$51,INDEX(WuTrigger,47))>0),1,0) -> 0 | Z58: =INDEX(WuPriority,47)*1000+47 -> 8047 | AA58: =IF($Y58=0,"",SUMIFS(WuMin,$Y$12:$Y$60,1,$Z$12:$Z$60,"<="&$Z58)) | AB58: =IF(AND($Y58=1,$AA58<=$B$6),1,0) -> 0 | AC58: =INDEX(WuPhaseN,47)*1000+47 -> 3047 | AD58: =IF($AB58=0,"",COUNTIFS($AB$12:$AB$60,1,$AC$12:$AC$60,"<"&$AC58)+1)
A59: 4 | B59: =IFERROR(INDEX(MoName,MATCH(4,$AK$12:$AK$54,0)),"") | C59: =IF($B59="","",INDEX(MoType,MATCH(4,$AK$12:$AK$54,0))) | D59: =IF($B59="","",INDEX(MoTarget,MATCH(4,$AK$12:$AK$54,0))) | E59: =IF($B59="","",INDEX(MoMin,MATCH(4,$AK$12:$AK$54,0))) | F59: =IF($B59="","",INDEX(MoHow,MATCH(4,$AK$12:$AK$54,0))) | Y59: =IF(OR(INDEX(WuTrigger,48)="Always",COUNTIF($D$30:$D$51,INDEX(WuTrigger,48))>0,COUNTIF($E$30:$E$51,INDEX(WuTrigger,48))>0),1,0) -> 1 | Z59: =INDEX(WuPriority,48)*1000+48 -> 8048 | AA59: =IF($Y59=0,"",SUMIFS(WuMin,$Y$12:$Y$60,1,$Z$12:$Z$60,"<="&$Z59)) -> 53 | AB59: =IF(AND($Y59=1,$AA59<=$B$6),1,0) -> 0 | AC59: =INDEX(WuPhaseN,48)*1000+48 -> 2048 | AD59: =IF($AB59=0,"",COUNTIFS($AB$12:$AB$60,1,$AC$12:$AC$60,"<"&$AC59)+1)
A60: 5 | B60: =IFERROR(INDEX(MoName,MATCH(5,$AK$12:$AK$54,0)),"") | C60: =IF($B60="","",INDEX(MoType,MATCH(5,$AK$12:$AK$54,0))) | D60: =IF($B60="","",INDEX(MoTarget,MATCH(5,$AK$12:$AK$54,0))) | E60: =IF($B60="","",INDEX(MoMin,MATCH(5,$AK$12:$AK$54,0))) | F60: =IF($B60="","",INDEX(MoHow,MATCH(5,$AK$12:$AK$54,0))) | Y60: =IF(OR(INDEX(WuTrigger,49)="Always",COUNTIF($D$30:$D$51,INDEX(WuTrigger,49))>0,COUNTIF($E$30:$E$51,INDEX(WuTrigger,49))>0),1,0) -> 0 | Z60: =INDEX(WuPriority,49)*1000+49 -> 8049 | AA60: =IF($Y60=0,"",SUMIFS(WuMin,$Y$12:$Y$60,1,$Z$12:$Z$60,"<="&$Z60)) | AB60: =IF(AND($Y60=1,$AA60<=$B$6),1,0) -> 0 | AC60: =INDEX(WuPhaseN,49)*1000+49 -> 2049 | AD60: =IF($AB60=0,"",COUNTIFS($AB$12:$AB$60,1,$AC$12:$AC$60,"<"&$AC60)+1)
A61: 6 | B61: =IFERROR(INDEX(MoName,MATCH(6,$AK$12:$AK$54,0)),"") | C61: =IF($B61="","",INDEX(MoType,MATCH(6,$AK$12:$AK$54,0))) | D61: =IF($B61="","",INDEX(MoTarget,MATCH(6,$AK$12:$AK$54,0))) | E61: =IF($B61="","",INDEX(MoMin,MATCH(6,$AK$12:$AK$54,0))) | F61: =IF($B61="","",INDEX(MoHow,MATCH(6,$AK$12:$AK$54,0)))
A62: 7 | B62: =IFERROR(INDEX(MoName,MATCH(7,$AK$12:$AK$54,0)),"") | C62: =IF($B62="","",INDEX(MoType,MATCH(7,$AK$12:$AK$54,0))) | D62: =IF($B62="","",INDEX(MoTarget,MATCH(7,$AK$12:$AK$54,0))) | E62: =IF($B62="","",INDEX(MoMin,MATCH(7,$AK$12:$AK$54,0))) | F62: =IF($B62="","",INDEX(MoHow,MATCH(7,$AK$12:$AK$54,0)))
A63: 8 | B63: =IFERROR(INDEX(MoName,MATCH(8,$AK$12:$AK$54,0)),"") | C63: =IF($B63="","",INDEX(MoType,MATCH(8,$AK$12:$AK$54,0))) | D63: =IF($B63="","",INDEX(MoTarget,MATCH(8,$AK$12:$AK$54,0))) | E63: =IF($B63="","",INDEX(MoMin,MATCH(8,$AK$12:$AK$54,0))) | F63: =IF($B63="","",INDEX(MoHow,MATCH(8,$AK$12:$AK$54,0)))
A64: 9 | B64: =IFERROR(INDEX(MoName,MATCH(9,$AK$12:$AK$54,0)),"") | C64: =IF($B64="","",INDEX(MoType,MATCH(9,$AK$12:$AK$54,0))) | D64: =IF($B64="","",INDEX(MoTarget,MATCH(9,$AK$12:$AK$54,0))) | E64: =IF($B64="","",INDEX(MoMin,MATCH(9,$AK$12:$AK$54,0))) | F64: =IF($B64="","",INDEX(MoHow,MATCH(9,$AK$12:$AK$54,0)))
A65: 10 | B65: =IFERROR(INDEX(MoName,MATCH(10,$AK$12:$AK$54,0)),"") | C65: =IF($B65="","",INDEX(MoType,MATCH(10,$AK$12:$AK$54,0))) | D65: =IF($B65="","",INDEX(MoTarget,MATCH(10,$AK$12:$AK$54,0))) | E65: =IF($B65="","",INDEX(MoMin,MATCH(10,$AK$12:$AK$54,0))) | F65: =IF($B65="","",INDEX(MoHow,MATCH(10,$AK$12:$AK$54,0)))
A66: Cool-down total (min) | E66: =SUMIFS(MoMin,$AI$12:$AI$54,1) -> 7
A68: SESSION TIME ESTIMATE
A69: Warm-up | B69: =$E$26 -> 13 | D69: Estimate is ±15%. It assumes you rest as prescribed and don't queue for equipment.
A70: Main session | B70: =$P$52 -> 78
A71: Cool-down | B71: =$E$66 -> 7
A72: Total (minutes) | B72: =SUM($B$69:$B$71) -> 98
A73: Total (h:mm) | B73: =TEXT($B$72/1440,"h:mm") -> 1:38
A75: SESSION BALANCE
A76: Primary muscle | B76: Exercises | D76: Movement pattern | E76: Exercises
A77: Chest | B77: =COUNTIF($E$30:$E$51,$A77) -> 0 | D77: Squat | E77: =COUNTIF($D$30:$D$51,$D77) -> 1
A78: Back | B78: =COUNTIF($E$30:$E$51,$A78) -> 0 | D78: Hinge | E78: =COUNTIF($D$30:$D$51,$D78) -> 1
A79: Shoulders | B79: =COUNTIF($E$30:$E$51,$A79) -> 0 | D79: Lunge/Single-leg | E79: =COUNTIF($D$30:$D$51,$D79) -> 1
A80: Traps | B80: =COUNTIF($E$30:$E$51,$A80) -> 1 | D80: Horizontal push | E80: =COUNTIF($D$30:$D$51,$D80) -> 0
A81: Biceps | B81: =COUNTIF($E$30:$E$51,$A81) -> 0 | D81: Vertical push | E81: =COUNTIF($D$30:$D$51,$D81) -> 0
A82: Triceps | B82: =COUNTIF($E$30:$E$51,$A82) -> 0 | D82: Horizontal pull | E82: =COUNTIF($D$30:$D$51,$D82) -> 0
A83: Forearms | B83: =COUNTIF($E$30:$E$51,$A83) -> 0 | D83: Vertical pull | E83: =COUNTIF($D$30:$D$51,$D83) -> 0
A84: Quads | B84: =COUNTIF($E$30:$E$51,$A84) -> 2 | D84: Olympic/Explosive | E84: =COUNTIF($D$30:$D$51,$D84) -> 0
A85: Hamstrings | B85: =COUNTIF($E$30:$E$51,$A85) -> 2 | D85: Plyometric | E85: =COUNTIF($D$30:$D$51,$D85) -> 0
A86: Glutes | B86: =COUNTIF($E$30:$E$51,$A86) -> 0 | D86: Core/Anti-movement | E86: =COUNTIF($D$30:$D$51,$D86) -> 1
A87: Adductors | B87: =COUNTIF($E$30:$E$51,$A87) -> 0 | D87: Carry | E87: =COUNTIF($D$30:$D$51,$D87) -> 1
A88: Calves | B88: =COUNTIF($E$30:$E$51,$A88) -> 0 | D88: Isolation | E88: =COUNTIF($D$30:$D$51,$D88) -> 1
A89: Core | B89: =COUNTIF($E$30:$E$51,$A89) -> 1
A90: Full body | B90: =COUNTIF($E$30:$E$51,$A90) -> 0

Sheet Workout B
A1: Workout Builder — Workout B
A3: Workout name | D3: Pick your main exercises first (they drive the warm-up and cool-down), then set the goal and the time budgets.
A4: Date
A5: Goal | B5: Strength
A6: Warm-up budget (min) | B6: 15
A7: Cool-down budget (min) | B7: 8
A8: Session note
A10: WARM-UP — builds itself from the movement patterns and muscles below
A11: # | B11: Drill | C11: Phase | D11: Triggered by | E11: Min | F11: How to do it
A12: 1 | B12: =IFERROR(INDEX(WuName,MATCH(1,$AD$12:$AD$60,0)),"") -> Easy cardio | C12: =IF($B12="","",INDEX(WuPhase,MATCH(1,$AD$12:$AD$60,0))) -> 1 Raise | D12: =IF($B12="","",INDEX(WuTrigger,MATCH(1,$AD$12:$AD$60,0))) -> Always | E12: =IF($B12="","",INDEX(WuMin,MATCH(1,$AD$12:$AD$60,0))) -> 4 | F12: =IF($B12="","",INDEX(WuHow,MATCH(1,$AD$12:$AD$60,0))) -> Bike, row or ski erg at a conversational pace until you break a light sweat. | Y12: =IF(OR(INDEX(WuTrigger,1)="Always",COUNTIF($D$30:$D$51,INDEX(WuTrigger,1))>0,COUNTIF($E$30:$E$51,INDEX(WuTrigger,1))>0),1,0) -> 1 | Z12: =INDEX(WuPriority,1)*1000+1 -> 1001 | AA12: =IF($Y12=0,"",SUMIFS(WuMin,$Y$12:$Y$60,1,$Z$12:$Z$60,"<="&$Z12)) -> 4 | AB12: =IF(AND($Y12=1,$AA12<=$B$6),1,0) -> 1 | AC12: =INDEX(WuPhaseN,1)*1000+1 -> 1001 | AD12: =IF($AB12=0,"",COUNTIFS($AB$12:$AB$60,1,$AC$12:$AC$60,"<"&$AC12)+1) -> 1 | AF12: =IF(OR(INDEX(MoTarget,1)="Always",COUNTIF($E$30:$E$51,INDEX(MoTarget,1))>0,COUNTIF($F$30:$F$51,"*"&INDEX(MoTarget,1)&"*")>0),1,0) -> 1 | AG12: =INDEX(MoPriority,1)*1000+1 -> 1001 | AH12: =IF($AF12=0,"",SUMIFS(MoMin,$AF$12:$AF$54,1,$AG$12:$AG$54,"<="&$AG12)) -> 2 | AI12: =IF(AND($AF12=1,$AH12<=$B$7),1,0) -> 1 | AJ12: =INDEX(MoTypeN,1)*1000+1 -> 1001 | AK12: =IF($AI12=0,"",COUNTIFS($AI$12:$AI$54,1,$AJ$12:$AJ$54,"<"&$AJ12)+1) -> 1
A13: 2 | B13: =IFERROR(INDEX(WuName,MATCH(2,$AD$12:$AD$60,0)),"") -> Joint circles | C13: =IF($B13="","",INDEX(WuPhase,MATCH(2,$AD$12:$AD$60,0))) -> 2 Mobilise | D13: =IF($B13="","",INDEX(WuTrigger,MATCH(2,$AD$12:$AD$60,0))) -> Always | E13: =IF($B13="","",INDEX(WuMin,MATCH(2,$AD$12:$AD$60,0))) -> 2 | F13: =IF($B13="","",INDEX(WuHow,MATCH(2,$AD$12:$AD$60,0))) -> Ankles, hips, thoracic spine, shoulders. 10 slow circles each direction. | Y13: =IF(OR(INDEX(WuTrigger,2)="Always",COUNTIF($D$30:$D$51,INDEX(WuTrigger,2))>0,COUNTIF($E$30:$E$51,INDEX(WuTrigger,2))>0),1,0) -> 1 | Z13: =INDEX(WuPriority,2)*1000+2 -> 5002 | AA13: =IF($Y13=0,"",SUMIFS(WuMin,$Y$12:$Y$60,1,$Z$12:$Z$60,"<="&$Z13)) -> 14 | AB13: =IF(AND($Y13=1,$AA13<=$B$6),1,0) -> 1 | AC13: =INDEX(WuPhaseN,2)*1000+2 -> 2002 | AD13: =IF($AB13=0,"",COUNTIFS($AB$12:$AB$60,1,$AC$12:$AC$60,"<"&$AC13)+1) -> 2 | AF13: =IF(OR(INDEX(MoTarget,2)="Always",COUNTIF($E$30:$E$51,INDEX(MoTarget,2))>0,COUNTIF($F$30:$F$51,"*"&INDEX(MoTarget,2)&"*")>0),1,0) -> 1 | AG13: =INDEX(MoPriority,2)*1000+2 -> 2002 | AH13: =IF($AF13=0,"",SUMIFS(MoMin,$AF$12:$AF$54,1,$AG$12:$AG$54,"<="&$AG13)) -> 4 | AI13: =IF(AND($AF13=1,$AH13<=$B$7),1,0) -> 1 | AJ13: =INDEX(MoTypeN,2)*1000+2 -> 1002 | AK13: =IF($AI13=0,"",COUNTIFS($AI$12:$AI$54,1,$AJ$12:$AJ$54,"<"&$AJ13)+1) -> 2
A14: 3 | B14: =IFERROR(INDEX(WuName,MATCH(3,$AD$12:$AD$60,0)),"") -> World's Greatest Stretch | C14: =IF($B14="","",INDEX(WuPhase,MATCH(3,$AD$12:$AD$60,0))) -> 2 Mobilise | D14: =IF($B14="","",INDEX(WuTrigger,MATCH(3,$AD$12:$AD$60,0))) -> Always | E14: =IF($B14="","",INDEX(WuMin,MATCH(3,$AD$12:$AD$60,0))) -> 3 | F14: =IF($B14="","",INDEX(WuHow,MATCH(3,$AD$12:$AD$60,0))) -> Lunge, elbow to instep, rotate open. 5 per side, no rush. | Y14: =IF(OR(INDEX(WuTrigger,3)="Always",COUNTIF($D$30:$D$51,INDEX(WuTrigger,3))>0,COUNTIF($E$30:$E$51,INDEX(WuTrigger,3))>0),1,0) -> 1 | Z14: =INDEX(WuPriority,3)*1000+3 -> 4003 | AA14: =IF($Y14=0,"",SUMIFS(WuMin,$Y$12:$Y$60,1,$Z$12:$Z$60,"<="&$Z14)) -> 12 | AB14: =IF(AND($Y14=1,$AA14<=$B$6),1,0) -> 1 | AC14: =INDEX(WuPhaseN,3)*1000+3 -> 2003 | AD14: =IF($AB14=0,"",COUNTIFS($AB$12:$AB$60,1,$AC$12:$AC$60,"<"&$AC14)+1) -> 3 | AF14: =IF(OR(INDEX(MoTarget,3)="Always",COUNTIF($E$30:$E$51,INDEX(MoTarget,3))>0,COUNTIF($F$30:$F$51,"*"&INDEX(MoTarget,3)&"*")>0),1,0) -> 1 | AG14: =INDEX(MoPriority,3)*1000+3 -> 3003 | AH14: =IF($AF14=0,"",SUMIFS(MoMin,$AF$12:$AF$54,1,$AG$12:$AG$54,"<="&$AG14)) -> 7 | AI14: =IF(AND($AF14=1,$AH14<=$B$7),1,0) -> 1 | AJ14: =INDEX(MoTypeN,3)*1000+3 -> 1003 | AK14: =IF($AI14=0,"",COUNTIFS($AI$12:$AI$54,1,$AJ$12:$AJ$54,"<"&$AJ14)+1) -> 3
A15: 4 | B15: =IFERROR(INDEX(WuName,MATCH(4,$AD$12:$AD$60,0)),"") -> Specific ramp-up sets | C15: =IF($B15="","",INDEX(WuPhase,MATCH(4,$AD$12:$AD$60,0))) -> 4 Specific | D15: =IF($B15="","",INDEX(WuTrigger,MATCH(4,$AD$12:$AD$60,0))) -> Always | E15: =IF($B15="","",INDEX(WuMin,MATCH(4,$AD$12:$AD$60,0))) -> 5 | F15: =IF($B15="","",INDEX(WuHow,MATCH(4,$AD$12:$AD$60,0))) -> 2–4 progressively heavier sets of your first main lift: roughly 40%, 60%, 80% of the working weight. | Y15: =IF(OR(INDEX(WuTrigger,4)="Always",COUNTIF($D$30:$D$51,INDEX(WuTrigger,4))>0,COUNTIF($E$30:$E$51,INDEX(WuTrigger,4))>0),1,0) -> 1 | Z15: =INDEX(WuPriority,4)*1000+4 -> 2004 | AA15: =IF($Y15=0,"",SUMIFS(WuMin,$Y$12:$Y$60,1,$Z$12:$Z$60,"<="&$Z15)) -> 9 | AB15: =IF(AND($Y15=1,$AA15<=$B$6),1,0) -> 1 | AC15: =INDEX(WuPhaseN,4)*1000+4 -> 4004 | AD15: =IF($AB15=0,"",COUNTIFS($AB$12:$AB$60,1,$AC$12:$AC$60,"<"&$AC15)+1) -> 4 | AF15: =IF(OR(INDEX(MoTarget,4)="Always",COUNTIF($E$30:$E$51,INDEX(MoTarget,4))>0,COUNTIF($F$30:$F$51,"*"&INDEX(MoTarget,4)&"*")>0),1,0) -> 1 | AG15: =INDEX(MoPriority,4)*1000+4 -> 4004 | AH15: =IF($AF15=0,"",SUMIFS(MoMin,$AF$12:$AF$54,1,$AG$12:$AG$54,"<="&$AG15)) -> 9 | AI15: =IF(AND($AF15=1,$AH15<=$B$7),1,0) -> 0 | AJ15: =INDEX(MoTypeN,4)*1000+4 -> 5004 | AK15: =IF($AI15=0,"",COUNTIFS($AI$12:$AI$54,1,$AJ$12:$AJ$54,"<"&$AJ15)+1)
A16: 5 | B16: =IFERROR(INDEX(WuName,MATCH(5,$AD$12:$AD$60,0)),"") | C16: =IF($B16="","",INDEX(WuPhase,MATCH(5,$AD$12:$AD$60,0))) | D16: =IF($B16="","",INDEX(WuTrigger,MATCH(5,$AD$12:$AD$60,0))) | E16: =IF($B16="","",INDEX(WuMin,MATCH(5,$AD$12:$AD$60,0))) | F16: =IF($B16="","",INDEX(WuHow,MATCH(5,$AD$12:$AD$60,0))) | Y16: =IF(OR(INDEX(WuTrigger,5)="Always",COUNTIF($D$30:$D$51,INDEX(WuTrigger,5))>0,COUNTIF($E$30:$E$51,INDEX(WuTrigger,5))>0),1,0) -> 0 | Z16: =INDEX(WuPriority,5)*1000+5 -> 5005 | AA16: =IF($Y16=0,"",SUMIFS(WuMin,$Y$12:$Y$60,1,$Z$12:$Z$60,"<="&$Z16)) | AB16: =IF(AND($Y16=1,$AA16<=$B$6),1,0) -> 0 | AC16: =INDEX(WuPhaseN,5)*1000+5 -> 2005 | AD16: =IF($AB16=0,"",COUNTIFS($AB$12:$AB$60,1,$AC$12:$AC$60,"<"&$AC16)+1) | AF16: =IF(OR(INDEX(MoTarget,5)="Always",COUNTIF($E$30:$E$51,INDEX(MoTarget,5))>0,COUNTIF($F$30:$F$51,"*"&INDEX(MoTarget,5)&"*")>0),1,0) -> 1 | AG16: =INDEX(MoPriority,5)*1000+5 -> 6005 | AH16: =IF($AF16=0,"",SUMIFS(MoMin,$AF$12:$AF$54,1,$AG$12:$AG$54,"<="&$AG16)) -> 12 | AI16: =IF(AND($AF16=1,$AH16<=$B$7),1,0) -> 0 | AJ16: =INDEX(MoTypeN,5)*1000+5 -> 5005 | AK16: =IF($AI16=0,"",COUNTIFS($AI$12:$AI$54,1,$AJ$12:$AJ$54,"<"&$AJ16)+1)
A17: 6 | B17: =IFERROR(INDEX(WuName,MATCH(6,$AD$12:$AD$60,0)),"") | C17: =IF($B17="","",INDEX(WuPhase,MATCH(6,$AD$12:$AD$60,0))) | D17: =IF($B17="","",INDEX(WuTrigger,MATCH(6,$AD$12:$AD$60,0))) | E17: =IF($B17="","",INDEX(WuMin,MATCH(6,$AD$12:$AD$60,0))) | F17: =IF($B17="","",INDEX(WuHow,MATCH(6,$AD$12:$AD$60,0))) | Y17: =IF(OR(INDEX(WuTrigger,6)="Always",COUNTIF($D$30:$D$51,INDEX(WuTrigger,6))>0,COUNTIF($E$30:$E$51,INDEX(WuTrigger,6))>0),1,0) -> 0 | Z17: =INDEX(WuPriority,6)*1000+6 -> 6006 | AA17: =IF($Y17=0,"",SUMIFS(WuMin,$Y$12:$Y$60,1,$Z$12:$Z$60,"<="&$Z17)) | AB17: =IF(AND($Y17=1,$AA17<=$B$6),1,0) -> 0 | AC17: =INDEX(WuPhaseN,6)*1000+6 -> 2006 | AD17: =IF($AB17=0,"",COUNTIFS($AB$12:$AB$60,1,$AC$12:$AC$60,"<"&$AC17)+1) | AF17: =IF(OR(INDEX(MoTarget,6)="Always",COUNTIF($E$30:$E$51,INDEX(MoTarget,6))>0,COUNTIF($F$30:$F$51,"*"&INDEX(MoTarget,6)&"*")>0),1,0) -> 1 | AG17: =INDEX(MoPriority,6)*1000+6 -> 7006 | AH17: =IF($AF17=0,"",SUMIFS(MoMin,$AF$12:$AF$54,1,$AG$12:$AG$54,"<="&$AG17)) -> 18 | AI17: =IF(AND($AF17=1,$AH17<=$B$7),1,0) -> 0 | AJ17: =INDEX(MoTypeN,6)*1000+6 -> 5006 | AK17: =IF($AI17=0,"",COUNTIFS($AI$12:$AI$54,1,$AJ$12:$AJ$54,"<"&$AJ17)+1)
A18: 7 | B18: =IFERROR(INDEX(WuName,MATCH(7,$AD$12:$AD$60,0)),"") | C18: =IF($B18="","",INDEX(WuPhase,MATCH(7,$AD$12:$AD$60,0))) | D18: =IF($B18="","",INDEX(WuTrigger,MATCH(7,$AD$12:$AD$60,0))) | E18: =IF($B18="","",INDEX(WuMin,MATCH(7,$AD$12:$AD$60,0))) | F18: =IF($B18="","",INDEX(WuHow,MATCH(7,$AD$12:$AD$60,0))) | Y18: =IF(OR(INDEX(WuTrigger,7)="Always",COUNTIF($D$30:$D$51,INDEX(WuTrigger,7))>0,COUNTIF($E$30:$E$51,INDEX(WuTrigger,7))>0),1,0) -> 0 | Z18: =INDEX(WuPriority,7)*1000+7 -> 3007 | AA18: =IF($Y18=0,"",SUMIFS(WuMin,$Y$12:$Y$60,1,$Z$12:$Z$60,"<="&$Z18)) | AB18: =IF(AND($Y18=1,$AA18<=$B$6),1,0) -> 0 | AC18: =INDEX(WuPhaseN,7)*1000+7 -> 3007 | AD18: =IF($AB18=0,"",COUNTIFS($AB$12:$AB$60,1,$AC$12:$AC$60,"<"&$AC18)+1) | AF18: =IF(OR(INDEX(MoTarget,7)="Always",COUNTIF($E$30:$E$51,INDEX(MoTarget,7))>0,COUNTIF($F$30:$F$51,"*"&INDEX(MoTarget,7)&"*")>0),1,0) -> 1 | AG18: =INDEX(MoPriority,7)*1000+7 -> 6007 | AH18: =IF($AF18=0,"",SUMIFS(MoMin,$AF$12:$AF$54,1,$AG$12:$AG$54,"<="&$AG18)) -> 15 | AI18: =IF(AND($AF18=1,$AH18<=$B$7),1,0) -> 0 | AJ18: =INDEX(MoTypeN,7)*1000+7 -> 5007 | AK18: =IF($AI18=0,"",COUNTIFS($AI$12:$AI$54,1,$AJ$12:$AJ$54,"<"&$AJ18)+1)
A19: 8 | B19: =IFERROR(INDEX(WuName,MATCH(8,$AD$12:$AD$60,0)),"") | C19: =IF($B19="","",INDEX(WuPhase,MATCH(8,$AD$12:$AD$60,0))) | D19: =IF($B19="","",INDEX(WuTrigger,MATCH(8,$AD$12:$AD$60,0))) | E19: =IF($B19="","",INDEX(WuMin,MATCH(8,$AD$12:$AD$60,0))) | F19: =IF($B19="","",INDEX(WuHow,MATCH(8,$AD$12:$AD$60,0))) | Y19: =IF(OR(INDEX(WuTrigger,8)="Always",COUNTIF($D$30:$D$51,INDEX(WuTrigger,8))>0,COUNTIF($E$30:$E$51,INDEX(WuTrigger,8))>0),1,0) -> 0 | Z19: =INDEX(WuPriority,8)*1000+8 -> 4008 | AA19: =IF($Y19=0,"",SUMIFS(WuMin,$Y$12:$Y$60,1,$Z$12:$Z$60,"<="&$Z19)) | AB19: =IF(AND($Y19=1,$AA19<=$B$6),1,0) -> 0 | AC19: =INDEX(WuPhaseN,8)*1000+8 -> 3008 | AD19: =IF($AB19=0,"",COUNTIFS($AB$12:$AB$60,1,$AC$12:$AC$60,"<"&$AC19)+1) | AF19: =IF(OR(INDEX(MoTarget,8)="Always",COUNTIF($E$30:$E$51,INDEX(MoTarget,8))>0,COUNTIF($F$30:$F$51,"*"&INDEX(MoTarget,8)&"*")>0),1,0) -> 0 | AG19: =INDEX(MoPriority,8)*1000+8 -> 2008 | AH19: =IF($AF19=0,"",SUMIFS(MoMin,$AF$12:$AF$54,1,$AG$12:$AG$54,"<="&$AG19)) | AI19: =IF(AND($AF19=1,$AH19<=$B$7),1,0) -> 0 | AJ19: =INDEX(MoTypeN,8)*1000+8 -> 2008 | AK19: =IF($AI19=0,"",COUNTIFS($AI$12:$AI$54,1,$AJ$12:$AJ$54,"<"&$AJ19)+1)
A20: 9 | B20: =IFERROR(INDEX(WuName,MATCH(9,$AD$12:$AD$60,0)),"") | C20: =IF($B20="","",INDEX(WuPhase,MATCH(9,$AD$12:$AD$60,0))) | D20: =IF($B20="","",INDEX(WuTrigger,MATCH(9,$AD$12:$AD$60,0))) | E20: =IF($B20="","",INDEX(WuMin,MATCH(9,$AD$12:$AD$60,0))) | F20: =IF($B20="","",INDEX(WuHow,MATCH(9,$AD$12:$AD$60,0))) | Y20: =IF(OR(INDEX(WuTrigger,9)="Always",COUNTIF($D$30:$D$51,INDEX(WuTrigger,9))>0,COUNTIF($E$30:$E$51,INDEX(WuTrigger,9))>0),1,0) -> 0 | Z20: =INDEX(WuPriority,9)*1000+9 -> 5009 | AA20: =IF($Y20=0,"",SUMIFS(WuMin,$Y$12:$Y$60,1,$Z$12:$Z$60,"<="&$Z20)) | AB20: =IF(AND($Y20=1,$AA20<=$B$6),1,0) -> 0 | AC20: =INDEX(WuPhaseN,9)*1000+9 -> 2009 | AD20: =IF($AB20=0,"",COUNTIFS($AB$12:$AB$60,1,$AC$12:$AC$60,"<"&$AC20)+1) | AF20: =IF(OR(INDEX(MoTarget,9)="Always",COUNTIF($E$30:$E$51,INDEX(MoTarget,9))>0,COUNTIF($F$30:$F$51,"*"&INDEX(MoTarget,9)&"*")>0),1,0) -> 0 | AG20: =INDEX(MoPriority,9)*1000+9 -> 2009 | AH20: =IF($AF20=0,"",SUMIFS(MoMin,$AF$12:$AF$54,1,$AG$12:$AG$54,"<="&$AG20)) | AI20: =IF(AND($AF20=1,$AH20<=$B$7),1,0) -> 0 | AJ20: =INDEX(MoTypeN,9)*1000+9 -> 2009 | AK20: =IF($AI20=0,"",COUNTIFS($AI$12:$AI$54,1,$AJ$12:$AJ$54,"<"&$AJ20)+1)
A21: 10 | B21: =IFERROR(INDEX(WuName,MATCH(10,$AD$12:$AD$60,0)),"") | C21: =IF($B21="","",INDEX(WuPhase,MATCH(10,$AD$12:$AD$60,0))) | D21: =IF($B21="","",INDEX(WuTrigger,MATCH(10,$AD$12:$AD$60,0))) | E21: =IF($B21="","",INDEX(WuMin,MATCH(10,$AD$12:$AD$60,0))) | F21: =IF($B21="","",INDEX(WuHow,MATCH(10,$AD$12:$AD$60,0))) | Y21: =IF(OR(INDEX(WuTrigger,10)="Always",COUNTIF($D$30:$D$51,INDEX(WuTrigger,10))>0,COUNTIF($E$30:$E$51,INDEX(WuTrigger,10))>0),1,0) -> 0 | Z21: =INDEX(WuPriority,10)*1000+10 -> 3010 | AA21: =IF($Y21=0,"",SUMIFS(WuMin,$Y$12:$Y$60,1,$Z$12:$Z$60,"<="&$Z21)) | AB21: =IF(AND($Y21=1,$AA21<=$B$6),1,0) -> 0 | AC21: =INDEX(WuPhaseN,10)*1000+10 -> 3010 | AD21: =IF($AB21=0,"",COUNTIFS($AB$12:$AB$60,1,$AC$12:$AC$60,"<"&$AC21)+1) | AF21: =IF(OR(INDEX(MoTarget,10)="Always",COUNTIF($E$30:$E$51,INDEX(MoTarget,10))>0,COUNTIF($F$30:$F$51,"*"&INDEX(MoTarget,10)&"*")>0),1,0) -> 0 | AG21: =INDEX(MoPriority,10)*1000+10 -> 4010 | AH21: =IF($AF21=0,"",SUMIFS(MoMin,$AF$12:$AF$54,1,$AG$12:$AG$54,"<="&$AG21)) | AI21: =IF(AND($AF21=1,$AH21<=$B$7),1,0) -> 0 | AJ21: =INDEX(MoTypeN,10)*1000+10 -> 2010 | AK21: =IF($AI21=0,"",COUNTIFS($AI$12:$AI$54,1,$AJ$12:$AJ$54,"<"&$AJ21)+1)
A22: 11 | B22: =IFERROR(INDEX(WuName,MATCH(11,$AD$12:$AD$60,0)),"") | C22: =IF($B22="","",INDEX(WuPhase,MATCH(11,$AD$12:$AD$60,0))) | D22: =IF($B22="","",INDEX(WuTrigger,MATCH(11,$AD$12:$AD$60,0))) | E22: =IF($B22="","",INDEX(WuMin,MATCH(11,$AD$12:$AD$60,0))) | F22: =IF($B22="","",INDEX(WuHow,MATCH(11,$AD$12:$AD$60,0))) | Y22: =IF(OR(INDEX(WuTrigger,11)="Always",COUNTIF($D$30:$D$51,INDEX(WuTrigger,11))>0,COUNTIF($E$30:$E$51,INDEX(WuTrigger,11))>0),1,0) -> 0 | Z22: =INDEX(WuPriority,11)*1000+11 -> 4011 | AA22: =IF($Y22=0,"",SUMIFS(WuMin,$Y$12:$Y$60,1,$Z$12:$Z$60,"<="&$Z22)) | AB22: =IF(AND($Y22=1,$AA22<=$B$6),1,0) -> 0 | AC22: =INDEX(WuPhaseN,11)*1000+11 -> 3011 | AD22: =IF($AB22=0,"",COUNTIFS($AB$12:$AB$60,1,$AC$12:$AC$60,"<"&$AC22)+1) | AF22: =IF(OR(INDEX(MoTarget,11)="Always",COUNTIF($E$30:$E$51,INDEX(MoTarget,11))>0,COUNTIF($F$30:$F$51,"*"&INDEX(MoTarget,11)&"*")>0),1,0) -> 0 | AG22: =INDEX(MoPriority,11)*1000+11 -> 3011 | AH22: =IF($AF22=0,"",SUMIFS(MoMin,$AF$12:$AF$54,1,$AG$12:$AG$54,"<="&$AG22)) | AI22: =IF(AND($AF22=1,$AH22<=$B$7),1,0) -> 0 | AJ22: =INDEX(MoTypeN,11)*1000+11 -> 2011 | AK22: =IF($AI22=0,"",COUNTIFS($AI$12:$AI$54,1,$AJ$12:$AJ$54,"<"&$AJ22)+1)
A23: 12 | B23: =IFERROR(INDEX(WuName,MATCH(12,$AD$12:$AD$60,0)),"") | C23: =IF($B23="","",INDEX(WuPhase,MATCH(12,$AD$12:$AD$60,0))) | D23: =IF($B23="","",INDEX(WuTrigger,MATCH(12,$AD$12:$AD$60,0))) | E23: =IF($B23="","",INDEX(WuMin,MATCH(12,$AD$12:$AD$60,0))) | F23: =IF($B23="","",INDEX(WuHow,MATCH(12,$AD$12:$AD$60,0))) | Y23: =IF(OR(INDEX(WuTrigger,12)="Always",COUNTIF($D$30:$D$51,INDEX(WuTrigger,12))>0,COUNTIF($E$30:$E$51,INDEX(WuTrigger,12))>0),1,0) -> 0 | Z23: =INDEX(WuPriority,12)*1000+12 -> 6012 | AA23: =IF($Y23=0,"",SUMIFS(WuMin,$Y$12:$Y$60,1,$Z$12:$Z$60,"<="&$Z23)) | AB23: =IF(AND($Y23=1,$AA23<=$B$6),1,0) -> 0 | AC23: =INDEX(WuPhaseN,12)*1000+12 -> 2012 | AD23: =IF($AB23=0,"",COUNTIFS($AB$12:$AB$60,1,$AC$12:$AC$60,"<"&$AC23)+1) | AF23: =IF(OR(INDEX(MoTarget,12)="Always",COUNTIF($E$30:$E$51,INDEX(MoTarget,12))>0,COUNTIF($F$30:$F$51,"*"&INDEX(MoTarget,12)&"*")>0),1,0) -> 0 | AG23: =INDEX(MoPriority,12)*1000+12 -> 2012 | AH23: =IF($AF23=0,"",SUMIFS(MoMin,$AF$12:$AF$54,1,$AG$12:$AG$54,"<="&$AG23)) | AI23: =IF(AND($AF23=1,$AH23<=$B$7),1,0) -> 0 | AJ23: =INDEX(MoTypeN,12)*1000+12 -> 2012 | AK23: =IF($AI23=0,"",COUNTIFS($AI$12:$AI$54,1,$AJ$12:$AJ$54,"<"&$AJ23)+1)
A24: 13 | B24: =IFERROR(INDEX(WuName,MATCH(13,$AD$12:$AD$60,0)),"") | C24: =IF($B24="","",INDEX(WuPhase,MATCH(13,$AD$12:$AD$60,0))) | D24: =IF($B24="","",INDEX(WuTrigger,MATCH(13,$AD$12:$AD$60,0))) | E24: =IF($B24="","",INDEX(WuMin,MATCH(13,$AD$12:$AD$60,0))) | F24: =IF($B24="","",INDEX(WuHow,MATCH(13,$AD$12:$AD$60,0))) | Y24: =IF(OR(INDEX(WuTrigger,13)="Always",COUNTIF($D$30:$D$51,INDEX(WuTrigger,13))>0,COUNTIF($E$30:$E$51,INDEX(WuTrigger,13))>0),1,0) -> 0 | Z24: =INDEX(WuPriority,13)*1000+13 -> 5013 | AA24: =IF($Y24=0,"",SUMIFS(WuMin,$Y$12:$Y$60,1,$Z$12:$Z$60,"<="&$Z24)) | AB24: =IF(AND($Y24=1,$AA24<=$B$6),1,0) -> 0 | AC24: =INDEX(WuPhaseN,13)*1000+13 -> 2013 | AD24: =IF($AB24=0,"",COUNTIFS($AB$12:$AB$60,1,$AC$12:$AC$60,"<"&$AC24)+1) | AF24: =IF(OR(INDEX(MoTarget,13)="Always",COUNTIF($E$30:$E$51,INDEX(MoTarget,13))>0,COUNTIF($F$30:$F$51,"*"&INDEX(MoTarget,13)&"*")>0),1,0) -> 0 | AG24: =INDEX(MoPriority,13)*1000+13 -> 3013 | AH24: =IF($AF24=0,"",SUMIFS(MoMin,$AF$12:$AF$54,1,$AG$12:$AG$54,"<="&$AG24)) | AI24: =IF(AND($AF24=1,$AH24<=$B$7),1,0) -> 0 | AJ24: =INDEX(MoTypeN,13)*1000+13 -> 2013 | AK24: =IF($AI24=0,"",COUNTIFS($AI$12:$AI$54,1,$AJ$12:$AJ$54,"<"&$AJ24)+1)
A25: 14 | B25: =IFERROR(INDEX(WuName,MATCH(14,$AD$12:$AD$60,0)),"") | C25: =IF($B25="","",INDEX(WuPhase,MATCH(14,$AD$12:$AD$60,0))) | D25: =IF($B25="","",INDEX(WuTrigger,MATCH(14,$AD$12:$AD$60,0))) | E25: =IF($B25="","",INDEX(WuMin,MATCH(14,$AD$12:$AD$60,0))) | F25: =IF($B25="","",INDEX(WuHow,MATCH(14,$AD$12:$AD$60,0))) | Y25: =IF(OR(INDEX(WuTrigger,14)="Always",COUNTIF($D$30:$D$51,INDEX(WuTrigger,14))>0,COUNTIF($E$30:$E$51,INDEX(WuTrigger,14))>0),1,0) -> 0 | Z25: =INDEX(WuPriority,14)*1000+14 -> 4014 | AA25: =IF($Y25=0,"",SUMIFS(WuMin,$Y$12:$Y$60,1,$Z$12:$Z$60,"<="&$Z25)) | AB25: =IF(AND($Y25=1,$AA25<=$B$6),1,0) -> 0 | AC25: =INDEX(WuPhaseN,14)*1000+14 -> 3014 | AD25: =IF($AB25=0,"",COUNTIFS($AB$12:$AB$60,1,$AC$12:$AC$60,"<"&$AC25)+1) | AF25: =IF(OR(INDEX(MoTarget,14)="Always",COUNTIF($E$30:$E$51,INDEX(MoTarget,14))>0,COUNTIF($F$30:$F$51,"*"&INDEX(MoTarget,14)&"*")>0),1,0) -> 0 | AG25: =INDEX(MoPriority,14)*1000+14 -> 4014 | AH25: =IF($AF25=0,"",SUMIFS(MoMin,$AF$12:$AF$54,1,$AG$12:$AG$54,"<="&$AG25)) | AI25: =IF(AND($AF25=1,$AH25<=$B$7),1,0) -> 0 | AJ25: =INDEX(MoTypeN,14)*1000+14 -> 2014 | AK25: =IF($AI25=0,"",COUNTIFS($AI$12:$AI$54,1,$AJ$12:$AJ$54,"<"&$AJ25)+1)
A26: Warm-up total (min) | E26: =SUMIFS(WuMin,$AB$12:$AB$60,1) -> 14 | Y26: =IF(OR(INDEX(WuTrigger,15)="Always",COUNTIF($D$30:$D$51,INDEX(WuTrigger,15))>0,COUNTIF($E$30:$E$51,INDEX(WuTrigger,15))>0),1,0) -> 0 | Z26: =INDEX(WuPriority,15)*1000+15 -> 6015 | AA26: =IF($Y26=0,"",SUMIFS(WuMin,$Y$12:$Y$60,1,$Z$12:$Z$60,"<="&$Z26)) | AB26: =IF(AND($Y26=1,$AA26<=$B$6),1,0) -> 0 | AC26: =INDEX(WuPhaseN,15)*1000+15 -> 3015 | AD26: =IF($AB26=0,"",COUNTIFS($AB$12:$AB$60,1,$AC$12:$AC$60,"<"&$AC26)+1) | AF26: =IF(OR(INDEX(MoTarget,15)="Always",COUNTIF($E$30:$E$51,INDEX(MoTarget,15))>0,COUNTIF($F$30:$F$51,"*"&INDEX(MoTarget,15)&"*")>0),1,0) -> 0 | AG26: =INDEX(MoPriority,15)*1000+15 -> 2015 | AH26: =IF($AF26=0,"",SUMIFS(MoMin,$AF$12:$AF$54,1,$AG$12:$AG$54,"<="&$AG26)) | AI26: =IF(AND($AF26=1,$AH26<=$B$7),1,0) -> 0 | AJ26: =INDEX(MoTypeN,15)*1000+15 -> 2015 | AK26: =IF($AI26=0,"",COUNTIFS($AI$12:$AI$54,1,$AJ$12:$AJ$54,"<"&$AJ26)+1)
Y27: =IF(OR(INDEX(WuTrigger,16)="Always",COUNTIF($D$30:$D$51,INDEX(WuTrigger,16))>0,COUNTIF($E$30:$E$51,INDEX(WuTrigger,16))>0),1,0) -> 0 | Z27: =INDEX(WuPriority,16)*1000+16 -> 3016 | AA27: =IF($Y27=0,"",SUMIFS(WuMin,$Y$12:$Y$60,1,$Z$12:$Z$60,"<="&$Z27)) | AB27: =IF(AND($Y27=1,$AA27<=$B$6),1,0) -> 0 | AC27: =INDEX(WuPhaseN,16)*1000+16 -> 3016 | AD27: =IF($AB27=0,"",COUNTIFS($AB$12:$AB$60,1,$AC$12:$AC$60,"<"&$AC27)+1) | AF27: =IF(OR(INDEX(MoTarget,16)="Always",COUNTIF($E$30:$E$51,INDEX(MoTarget,16))>0,COUNTIF($F$30:$F$51,"*"&INDEX(MoTarget,16)&"*")>0),1,0) -> 0 | AG27: =INDEX(MoPriority,16)*1000+16 -> 2016 | AH27: =IF($AF27=0,"",SUMIFS(MoMin,$AF$12:$AF$54,1,$AG$12:$AG$54,"<="&$AG27)) | AI27: =IF(AND($AF27=1,$AH27<=$B$7),1,0) -> 0 | AJ27: =INDEX(MoTypeN,16)*1000+16 -> 2016 | AK27: =IF($AI27=0,"",COUNTIFS($AI$12:$AI$54,1,$AJ$12:$AJ$54,"<"&$AJ27)+1)
A28: MAIN SESSION | Y28: =IF(OR(INDEX(WuTrigger,17)="Always",COUNTIF($D$30:$D$51,INDEX(WuTrigger,17))>0,COUNTIF($E$30:$E$51,INDEX(WuTrigger,17))>0),1,0) -> 0 | Z28: =INDEX(WuPriority,17)*1000+17 -> 3017 | AA28: =IF($Y28=0,"",SUMIFS(WuMin,$Y$12:$Y$60,1,$Z$12:$Z$60,"<="&$Z28)) | AB28: =IF(AND($Y28=1,$AA28<=$B$6),1,0) -> 0 | AC28: =INDEX(WuPhaseN,17)*1000+17 -> 3017 | AD28: =IF($AB28=0,"",COUNTIFS($AB$12:$AB$60,1,$AC$12:$AC$60,"<"&$AC28)+1) | AF28: =IF(OR(INDEX(MoTarget,17)="Always",COUNTIF($E$30:$E$51,INDEX(MoTarget,17))>0,COUNTIF($F$30:$F$51,"*"&INDEX(MoTarget,17)&"*")>0),1,0) -> 0 | AG28: =INDEX(MoPriority,17)*1000+17 -> 4017 | AH28: =IF($AF28=0,"",SUMIFS(MoMin,$AF$12:$AF$54,1,$AG$12:$AG$54,"<="&$AG28)) | AI28: =IF(AND($AF28=1,$AH28<=$B$7),1,0) -> 0 | AJ28: =INDEX(MoTypeN,17)*1000+17 -> 2017 | AK28: =IF($AI28=0,"",COUNTIFS($AI$12:$AI$54,1,$AJ$12:$AJ$54,"<"&$AJ28)+1)
A29: # | B29: Exercise | C29: Equipment | D29: Pattern | E29: Primary | F29: Secondary | G29: Profile | H29: Sets | I29: Reps | J29: Load | K29: Suggested kg | L29: Rest | M29: Coaching note | N29: Your load (kg) | O29: Comment | P29: Est. min | Y29: =IF(OR(INDEX(WuTrigger,18)="Always",COUNTIF($D$30:$D$51,INDEX(WuTrigger,18))>0,COUNTIF($E$30:$E$51,INDEX(WuTrigger,18))>0),1,0) -> 0 | Z29: =INDEX(WuPriority,18)*1000+18 -> 6018 | AA29: =IF($Y29=0,"",SUMIFS(WuMin,$Y$12:$Y$60,1,$Z$12:$Z$60,"<="&$Z29)) | AB29: =IF(AND($Y29=1,$AA29<=$B$6),1,0) -> 0 | AC29: =INDEX(WuPhaseN,18)*1000+18 -> 2018 | AD29: =IF($AB29=0,"",COUNTIFS($AB$12:$AB$60,1,$AC$12:$AC$60,"<"&$AC29)+1) | AF29: =IF(OR(INDEX(MoTarget,18)="Always",COUNTIF($E$30:$E$51,INDEX(MoTarget,18))>0,COUNTIF($F$30:$F$51,"*"&INDEX(MoTarget,18)&"*")>0),1,0) -> 0 | AG29: =INDEX(MoPriority,18)*1000+18 -> 2018 | AH29: =IF($AF29=0,"",SUMIFS(MoMin,$AF$12:$AF$54,1,$AG$12:$AG$54,"<="&$AG29)) | AI29: =IF(AND($AF29=1,$AH29<=$B$7),1,0) -> 0 | AJ29: =INDEX(MoTypeN,18)*1000+18 -> 2018 | AK29: =IF($AI29=0,"",COUNTIFS($AI$12:$AI$54,1,$AJ$12:$AJ$54,"<"&$AJ29)+1)
A30: 1 | C30: =IF($B30="","",IFERROR(INDEX(ExEquip,MATCH($B30,ExName,0)),"?")) | D30: =IF($B30="","",IFERROR(INDEX(ExPattern,MATCH($B30,ExName,0)),"?")) | E30: =IF($B30="","",IFERROR(INDEX(ExPrimary,MATCH($B30,ExName,0)),"?")) | F30: =IF($B30="","",IFERROR(INDEX(ExSecondary,MATCH($B30,ExName,0)),"")) | G30: =IF($B30="","",IFERROR(INDEX(ExProfile,MATCH($B30,ExName,0)),"?")) | H30: =IF($G30="","",IFERROR(INDEX(PrSets,MATCH($G30&"|"&$B$5,PrKey,0)),"?")) | I30: =IF($G30="","",IFERROR(INDEX(PrReps,MATCH($G30&"|"&$B$5,PrKey,0)),"?")) | J30: =IF($G30="","",IFERROR(INDEX(PrLoad,MATCH($G30&"|"&$B$5,PrKey,0)),"?")) | K30: =IF($B30="","",IF(N($S30)=0,"Bodyweight / RPE",IF(N($R30)=0,"Enter 1RM in library",TEXT(MROUND($R30*$S30,2.5),"0.0")&"–"&TEXT(MROUND($R30*$T30,2.5),"0.0")&" kg"))) | L30: =IF($G30="","",IFERROR(INDEX(PrRest,MATCH($G30&"|"&$B$5,PrKey,0)),"?")) | M30: =IF($G30="","",IFERROR(INDEX(PrNote,MATCH($G30&"|"&$B$5,PrKey,0)),"")) | P30: =IF(OR($B30="",$U30=""),"",IF($U30=0,0,ROUND(($U30*($V30+$W30)+TimeSetup)/60,0))) | R30: =IF($B30="","",IFERROR(INDEX(Ex1RM,MATCH($B30,ExName,0)),"")) | S30: =IF($G30="","",IFERROR(INDEX(PrMin,MATCH($G30&"|"&$B$5,PrKey,0)),"")) | T30: =IF($G30="","",IFERROR(INDEX(PrMax,MATCH($G30&"|"&$B$5,PrKey,0)),"")) | U30: =IF($G30="","",IFERROR(INDEX(PrSetsN,MATCH($G30&"|"&$B$5,PrKey,0)),"")) | V30: =IF($G30="","",IFERROR(INDEX(PrWorkS,MATCH($G30&"|"&$B$5,PrKey,0)),"")) | W30: =IF($G30="","",IFERROR(INDEX(PrRestS,MATCH($G30&"|"&$B$5,PrKey,0)),"")) | Y30: =IF(OR(INDEX(WuTrigger,19)="Always",COUNTIF($D$30:$D$51,INDEX(WuTrigger,19))>0,COUNTIF($E$30:$E$51,INDEX(WuTrigger,19))>0),1,0) -> 0 | Z30: =INDEX(WuPriority,19)*1000+19 -> 4019 | AA30: =IF($Y30=0,"",SUMIFS(WuMin,$Y$12:$Y$60,1,$Z$12:$Z$60,"<="&$Z30)) | AB30: =IF(AND($Y30=1,$AA30<=$B$6),1,0) -> 0 | AC30: =INDEX(WuPhaseN,19)*1000+19 -> 3019 | AD30: =IF($AB30=0,"",COUNTIFS($AB$12:$AB$60,1,$AC$12:$AC$60,"<"&$AC30)+1) | AF30: =IF(OR(INDEX(MoTarget,19)="Always",COUNTIF($E$30:$E$51,INDEX(MoTarget,19))>0,COUNTIF($F$30:$F$51,"*"&INDEX(MoTarget,19)&"*")>0),1,0) -> 0 | AG30: =INDEX(MoPriority,19)*1000+19 -> 3019 | AH30: =IF($AF30=0,"",SUMIFS(MoMin,$AF$12:$AF$54,1,$AG$12:$AG$54,"<="&$AG30)) | AI30: =IF(AND($AF30=1,$AH30<=$B$7),1,0) -> 0 | AJ30: =INDEX(MoTypeN,19)*1000+19 -> 2019 | AK30: =IF($AI30=0,"",COUNTIFS($AI$12:$AI$54,1,$AJ$12:$AJ$54,"<"&$AJ30)+1)
A31: 2 | C31: =IF($B31="","",IFERROR(INDEX(ExEquip,MATCH($B31,ExName,0)),"?")) | D31: =IF($B31="","",IFERROR(INDEX(ExPattern,MATCH($B31,ExName,0)),"?")) | E31: =IF($B31="","",IFERROR(INDEX(ExPrimary,MATCH($B31,ExName,0)),"?")) | F31: =IF($B31="","",IFERROR(INDEX(ExSecondary,MATCH($B31,ExName,0)),"")) | G31: =IF($B31="","",IFERROR(INDEX(ExProfile,MATCH($B31,ExName,0)),"?")) | H31: =IF($G31="","",IFERROR(INDEX(PrSets,MATCH($G31&"|"&$B$5,PrKey,0)),"?")) | I31: =IF($G31="","",IFERROR(INDEX(PrReps,MATCH($G31&"|"&$B$5,PrKey,0)),"?")) | J31: =IF($G31="","",IFERROR(INDEX(PrLoad,MATCH($G31&"|"&$B$5,PrKey,0)),"?")) | K31: =IF($B31="","",IF(N($S31)=0,"Bodyweight / RPE",IF(N($R31)=0,"Enter 1RM in library",TEXT(MROUND($R31*$S31,2.5),"0.0")&"–"&TEXT(MROUND($R31*$T31,2.5),"0.0")&" kg"))) | L31: =IF($G31="","",IFERROR(INDEX(PrRest,MATCH($G31&"|"&$B$5,PrKey,0)),"?")) | M31: =IF($G31="","",IFERROR(INDEX(PrNote,MATCH($G31&"|"&$B$5,PrKey,0)),"")) | P31: =IF(OR($B31="",$U31=""),"",IF($U31=0,0,ROUND(($U31*($V31+$W31)+TimeSetup)/60,0))) | R31: =IF($B31="","",IFERROR(INDEX(Ex1RM,MATCH($B31,ExName,0)),"")) | S31: =IF($G31="","",IFERROR(INDEX(PrMin,MATCH($G31&"|"&$B$5,PrKey,0)),"")) | T31: =IF($G31="","",IFERROR(INDEX(PrMax,MATCH($G31&"|"&$B$5,PrKey,0)),"")) | U31: =IF($G31="","",IFERROR(INDEX(PrSetsN,MATCH($G31&"|"&$B$5,PrKey,0)),"")) | V31: =IF($G31="","",IFERROR(INDEX(PrWorkS,MATCH($G31&"|"&$B$5,PrKey,0)),"")) | W31: =IF($G31="","",IFERROR(INDEX(PrRestS,MATCH($G31&"|"&$B$5,PrKey,0)),"")) | Y31: =IF(OR(INDEX(WuTrigger,20)="Always",COUNTIF($D$30:$D$51,INDEX(WuTrigger,20))>0,COUNTIF($E$30:$E$51,INDEX(WuTrigger,20))>0),1,0) -> 0 | Z31: =INDEX(WuPriority,20)*1000+20 -> 5020 | AA31: =IF($Y31=0,"",SUMIFS(WuMin,$Y$12:$Y$60,1,$Z$12:$Z$60,"<="&$Z31)) | AB31: =IF(AND($Y31=1,$AA31<=$B$6),1,0) -> 0 | AC31: =INDEX(WuPhaseN,20)*1000+20 -> 2020 | AD31: =IF($AB31=0,"",COUNTIFS($AB$12:$AB$60,1,$AC$12:$AC$60,"<"&$AC31)+1) | AF31: =IF(OR(INDEX(MoTarget,20)="Always",COUNTIF($E$30:$E$51,INDEX(MoTarget,20))>0,COUNTIF($F$30:$F$51,"*"&INDEX(MoTarget,20)&"*")>0),1,0) -> 0 | AG31: =INDEX(MoPriority,20)*1000+20 -> 4020 | AH31: =IF($AF31=0,"",SUMIFS(MoMin,$AF$12:$AF$54,1,$AG$12:$AG$54,"<="&$AG31)) | AI31: =IF(AND($AF31=1,$AH31<=$B$7),1,0) -> 0 | AJ31: =INDEX(MoTypeN,20)*1000+20 -> 2020 | AK31: =IF($AI31=0,"",COUNTIFS($AI$12:$AI$54,1,$AJ$12:$AJ$54,"<"&$AJ31)+1)
A32: 3 | C32: =IF($B32="","",IFERROR(INDEX(ExEquip,MATCH($B32,ExName,0)),"?")) | D32: =IF($B32="","",IFERROR(INDEX(ExPattern,MATCH($B32,ExName,0)),"?")) | E32: =IF($B32="","",IFERROR(INDEX(ExPrimary,MATCH($B32,ExName,0)),"?")) | F32: =IF($B32="","",IFERROR(INDEX(ExSecondary,MATCH($B32,ExName,0)),"")) | G32: =IF($B32="","",IFERROR(INDEX(ExProfile,MATCH($B32,ExName,0)),"?")) | H32: =IF($G32="","",IFERROR(INDEX(PrSets,MATCH($G32&"|"&$B$5,PrKey,0)),"?")) | I32: =IF($G32="","",IFERROR(INDEX(PrReps,MATCH($G32&"|"&$B$5,PrKey,0)),"?")) | J32: =IF($G32="","",IFERROR(INDEX(PrLoad,MATCH($G32&"|"&$B$5,PrKey,0)),"?")) | K32: =IF($B32="","",IF(N($S32)=0,"Bodyweight / RPE",IF(N($R32)=0,"Enter 1RM in library",TEXT(MROUND($R32*$S32,2.5),"0.0")&"–"&TEXT(MROUND($R32*$T32,2.5),"0.0")&" kg"))) | L32: =IF($G32="","",IFERROR(INDEX(PrRest,MATCH($G32&"|"&$B$5,PrKey,0)),"?")) | M32: =IF($G32="","",IFERROR(INDEX(PrNote,MATCH($G32&"|"&$B$5,PrKey,0)),"")) | P32: =IF(OR($B32="",$U32=""),"",IF($U32=0,0,ROUND(($U32*($V32+$W32)+TimeSetup)/60,0))) | R32: =IF($B32="","",IFERROR(INDEX(Ex1RM,MATCH($B32,ExName,0)),"")) | S32: =IF($G32="","",IFERROR(INDEX(PrMin,MATCH($G32&"|"&$B$5,PrKey,0)),"")) | T32: =IF($G32="","",IFERROR(INDEX(PrMax,MATCH($G32&"|"&$B$5,PrKey,0)),"")) | U32: =IF($G32="","",IFERROR(INDEX(PrSetsN,MATCH($G32&"|"&$B$5,PrKey,0)),"")) | V32: =IF($G32="","",IFERROR(INDEX(PrWorkS,MATCH($G32&"|"&$B$5,PrKey,0)),"")) | W32: =IF($G32="","",IFERROR(INDEX(PrRestS,MATCH($G32&"|"&$B$5,PrKey,0)),"")) | Y32: =IF(OR(INDEX(WuTrigger,21)="Always",COUNTIF($D$30:$D$51,INDEX(WuTrigger,21))>0,COUNTIF($E$30:$E$51,INDEX(WuTrigger,21))>0),1,0) -> 0 | Z32: =INDEX(WuPriority,21)*1000+21 -> 3021 | AA32: =IF($Y32=0,"",SUMIFS(WuMin,$Y$12:$Y$60,1,$Z$12:$Z$60,"<="&$Z32)) | AB32: =IF(AND($Y32=1,$AA32<=$B$6),1,0) -> 0 | AC32: =INDEX(WuPhaseN,21)*1000+21 -> 3021 | AD32: =IF($AB32=0,"",COUNTIFS($AB$12:$AB$60,1,$AC$12:$AC$60,"<"&$AC32)+1) | AF32: =IF(OR(INDEX(MoTarget,21)="Always",COUNTIF($E$30:$E$51,INDEX(MoTarget,21))>0,COUNTIF($F$30:$F$51,"*"&INDEX(MoTarget,21)&"*")>0),1,0) -> 0 | AG32: =INDEX(MoPriority,21)*1000+21 -> 2021 | AH32: =IF($AF32=0,"",SUMIFS(MoMin,$AF$12:$AF$54,1,$AG$12:$AG$54,"<="&$AG32)) | AI32: =IF(AND($AF32=1,$AH32<=$B$7),1,0) -> 0 | AJ32: =INDEX(MoTypeN,21)*1000+21 -> 2021 | AK32: =IF($AI32=0,"",COUNTIFS($AI$12:$AI$54,1,$AJ$12:$AJ$54,"<"&$AJ32)+1)
A33: 4 | C33: =IF($B33="","",IFERROR(INDEX(ExEquip,MATCH($B33,ExName,0)),"?")) | D33: =IF($B33="","",IFERROR(INDEX(ExPattern,MATCH($B33,ExName,0)),"?")) | E33: =IF($B33="","",IFERROR(INDEX(ExPrimary,MATCH($B33,ExName,0)),"?")) | F33: =IF($B33="","",IFERROR(INDEX(ExSecondary,MATCH($B33,ExName,0)),"")) | G33: =IF($B33="","",IFERROR(INDEX(ExProfile,MATCH($B33,ExName,0)),"?")) | H33: =IF($G33="","",IFERROR(INDEX(PrSets,MATCH($G33&"|"&$B$5,PrKey,0)),"?")) | I33: =IF($G33="","",IFERROR(INDEX(PrReps,MATCH($G33&"|"&$B$5,PrKey,0)),"?")) | J33: =IF($G33="","",IFERROR(INDEX(PrLoad,MATCH($G33&"|"&$B$5,PrKey,0)),"?")) | K33: =IF($B33="","",IF(N($S33)=0,"Bodyweight / RPE",IF(N($R33)=0,"Enter 1RM in library",TEXT(MROUND($R33*$S33,2.5),"0.0")&"–"&TEXT(MROUND($R33*$T33,2.5),"0.0")&" kg"))) | L33: =IF($G33="","",IFERROR(INDEX(PrRest,MATCH($G33&"|"&$B$5,PrKey,0)),"?")) | M33: =IF($G33="","",IFERROR(INDEX(PrNote,MATCH($G33&"|"&$B$5,PrKey,0)),"")) | P33: =IF(OR($B33="",$U33=""),"",IF($U33=0,0,ROUND(($U33*($V33+$W33)+TimeSetup)/60,0))) | R33: =IF($B33="","",IFERROR(INDEX(Ex1RM,MATCH($B33,ExName,0)),"")) | S33: =IF($G33="","",IFERROR(INDEX(PrMin,MATCH($G33&"|"&$B$5,PrKey,0)),"")) | T33: =IF($G33="","",IFERROR(INDEX(PrMax,MATCH($G33&"|"&$B$5,PrKey,0)),"")) | U33: =IF($G33="","",IFERROR(INDEX(PrSetsN,MATCH($G33&"|"&$B$5,PrKey,0)),"")) | V33: =IF($G33="","",IFERROR(INDEX(PrWorkS,MATCH($G33&"|"&$B$5,PrKey,0)),"")) | W33: =IF($G33="","",IFERROR(INDEX(PrRestS,MATCH($G33&"|"&$B$5,PrKey,0)),"")) | Y33: =IF(OR(INDEX(WuTrigger,22)="Always",COUNTIF($D$30:$D$51,INDEX(WuTrigger,22))>0,COUNTIF($E$30:$E$51,INDEX(WuTrigger,22))>0),1,0) -> 0 | Z33: =INDEX(WuPriority,22)*1000+22 -> 6022 | AA33: =IF($Y33=0,"",SUMIFS(WuMin,$Y$12:$Y$60,1,$Z$12:$Z$60,"<="&$Z33)) | AB33: =IF(AND($Y33=1,$AA33<=$B$6),1,0) -> 0 | AC33: =INDEX(WuPhaseN,22)*1000+22 -> 2022 | AD33: =IF($AB33=0,"",COUNTIFS($AB$12:$AB$60,1,$AC$12:$AC$60,"<"&$AC33)+1) | AF33: =IF(OR(INDEX(MoTarget,22)="Always",COUNTIF($E$30:$E$51,INDEX(MoTarget,22))>0,COUNTIF($F$30:$F$51,"*"&INDEX(MoTarget,22)&"*")>0),1,0) -> 0 | AG33: =INDEX(MoPriority,22)*1000+22 -> 3022 | AH33: =IF($AF33=0,"",SUMIFS(MoMin,$AF$12:$AF$54,1,$AG$12:$AG$54,"<="&$AG33)) | AI33: =IF(AND($AF33=1,$AH33<=$B$7),1,0) -> 0 | AJ33: =INDEX(MoTypeN,22)*1000+22 -> 2022 | AK33: =IF($AI33=0,"",COUNTIFS($AI$12:$AI$54,1,$AJ$12:$AJ$54,"<"&$AJ33)+1)
A34: 5 | C34: =IF($B34="","",IFERROR(INDEX(ExEquip,MATCH($B34,ExName,0)),"?")) | D34: =IF($B34="","",IFERROR(INDEX(ExPattern,MATCH($B34,ExName,0)),"?")) | E34: =IF($B34="","",IFERROR(INDEX(ExPrimary,MATCH($B34,ExName,0)),"?")) | F34: =IF($B34="","",IFERROR(INDEX(ExSecondary,MATCH($B34,ExName,0)),"")) | G34: =IF($B34="","",IFERROR(INDEX(ExProfile,MATCH($B34,ExName,0)),"?")) | H34: =IF($G34="","",IFERROR(INDEX(PrSets,MATCH($G34&"|"&$B$5,PrKey,0)),"?")) | I34: =IF($G34="","",IFERROR(INDEX(PrReps,MATCH($G34&"|"&$B$5,PrKey,0)),"?")) | J34: =IF($G34="","",IFERROR(INDEX(PrLoad,MATCH($G34&"|"&$B$5,PrKey,0)),"?")) | K34: =IF($B34="","",IF(N($S34)=0,"Bodyweight / RPE",IF(N($R34)=0,"Enter 1RM in library",TEXT(MROUND($R34*$S34,2.5),"0.0")&"–"&TEXT(MROUND($R34*$T34,2.5),"0.0")&" kg"))) | L34: =IF($G34="","",IFERROR(INDEX(PrRest,MATCH($G34&"|"&$B$5,PrKey,0)),"?")) | M34: =IF($G34="","",IFERROR(INDEX(PrNote,MATCH($G34&"|"&$B$5,PrKey,0)),"")) | P34: =IF(OR($B34="",$U34=""),"",IF($U34=0,0,ROUND(($U34*($V34+$W34)+TimeSetup)/60,0))) | R34: =IF($B34="","",IFERROR(INDEX(Ex1RM,MATCH($B34,ExName,0)),"")) | S34: =IF($G34="","",IFERROR(INDEX(PrMin,MATCH($G34&"|"&$B$5,PrKey,0)),"")) | T34: =IF($G34="","",IFERROR(INDEX(PrMax,MATCH($G34&"|"&$B$5,PrKey,0)),"")) | U34: =IF($G34="","",IFERROR(INDEX(PrSetsN,MATCH($G34&"|"&$B$5,PrKey,0)),"")) | V34: =IF($G34="","",IFERROR(INDEX(PrWorkS,MATCH($G34&"|"&$B$5,PrKey,0)),"")) | W34: =IF($G34="","",IFERROR(INDEX(PrRestS,MATCH($G34&"|"&$B$5,PrKey,0)),"")) | Y34: =IF(OR(INDEX(WuTrigger,23)="Always",COUNTIF($D$30:$D$51,INDEX(WuTrigger,23))>0,COUNTIF($E$30:$E$51,INDEX(WuTrigger,23))>0),1,0) -> 0 | Z34: =INDEX(WuPriority,23)*1000+23 -> 3023 | AA34: =IF($Y34=0,"",SUMIFS(WuMin,$Y$12:$Y$60,1,$Z$12:$Z$60,"<="&$Z34)) | AB34: =IF(AND($Y34=1,$AA34<=$B$6),1,0) -> 0 | AC34: =INDEX(WuPhaseN,23)*1000+23 -> 3023 | AD34: =IF($AB34=0,"",COUNTIFS($AB$12:$AB$60,1,$AC$12:$AC$60,"<"&$AC34)+1) | AF34: =IF(OR(INDEX(MoTarget,23)="Always",COUNTIF($E$30:$E$51,INDEX(MoTarget,23))>0,COUNTIF($F$30:$F$51,"*"&INDEX(MoTarget,23)&"*")>0),1,0) -> 0 | AG34: =INDEX(MoPriority,23)*1000+23 -> 4023 | AH34: =IF($AF34=0,"",SUMIFS(MoMin,$AF$12:$AF$54,1,$AG$12:$AG$54,"<="&$AG34)) | AI34: =IF(AND($AF34=1,$AH34<=$B$7),1,0) -> 0 | AJ34: =INDEX(MoTypeN,23)*1000+23 -> 2023 | AK34: =IF($AI34=0,"",COUNTIFS($AI$12:$AI$54,1,$AJ$12:$AJ$54,"<"&$AJ34)+1)
A35: 6 | C35: =IF($B35="","",IFERROR(INDEX(ExEquip,MATCH($B35,ExName,0)),"?")) | D35: =IF($B35="","",IFERROR(INDEX(ExPattern,MATCH($B35,ExName,0)),"?")) | E35: =IF($B35="","",IFERROR(INDEX(ExPrimary,MATCH($B35,ExName,0)),"?")) | F35: =IF($B35="","",IFERROR(INDEX(ExSecondary,MATCH($B35,ExName,0)),"")) | G35: =IF($B35="","",IFERROR(INDEX(ExProfile,MATCH($B35,ExName,0)),"?")) | H35: =IF($G35="","",IFERROR(INDEX(PrSets,MATCH($G35&"|"&$B$5,PrKey,0)),"?")) | I35: =IF($G35="","",IFERROR(INDEX(PrReps,MATCH($G35&"|"&$B$5,PrKey,0)),"?")) | J35: =IF($G35="","",IFERROR(INDEX(PrLoad,MATCH($G35&"|"&$B$5,PrKey,0)),"?")) | K35: =IF($B35="","",IF(N($S35)=0,"Bodyweight / RPE",IF(N($R35)=0,"Enter 1RM in library",TEXT(MROUND($R35*$S35,2.5),"0.0")&"–"&TEXT(MROUND($R35*$T35,2.5),"0.0")&" kg"))) | L35: =IF($G35="","",IFERROR(INDEX(PrRest,MATCH($G35&"|"&$B$5,PrKey,0)),"?")) | M35: =IF($G35="","",IFERROR(INDEX(PrNote,MATCH($G35&"|"&$B$5,PrKey,0)),"")) | P35: =IF(OR($B35="",$U35=""),"",IF($U35=0,0,ROUND(($U35*($V35+$W35)+TimeSetup)/60,0))) | R35: =IF($B35="","",IFERROR(INDEX(Ex1RM,MATCH($B35,ExName,0)),"")) | S35: =IF($G35="","",IFERROR(INDEX(PrMin,MATCH($G35&"|"&$B$5,PrKey,0)),"")) | T35: =IF($G35="","",IFERROR(INDEX(PrMax,MATCH($G35&"|"&$B$5,PrKey,0)),"")) | U35: =IF($G35="","",IFERROR(INDEX(PrSetsN,MATCH($G35&"|"&$B$5,PrKey,0)),"")) | V35: =IF($G35="","",IFERROR(INDEX(PrWorkS,MATCH($G35&"|"&$B$5,PrKey,0)),"")) | W35: =IF($G35="","",IFERROR(INDEX(PrRestS,MATCH($G35&"|"&$B$5,PrKey,0)),"")) | Y35: =IF(OR(INDEX(WuTrigger,24)="Always",COUNTIF($D$30:$D$51,INDEX(WuTrigger,24))>0,COUNTIF($E$30:$E$51,INDEX(WuTrigger,24))>0),1,0) -> 0 | Z35: =INDEX(WuPriority,24)*1000+24 -> 5024 | AA35: =IF($Y35=0,"",SUMIFS(WuMin,$Y$12:$Y$60,1,$Z$12:$Z$60,"<="&$Z35)) | AB35: =IF(AND($Y35=1,$AA35<=$B$6),1,0) -> 0 | AC35: =INDEX(WuPhaseN,24)*1000+24 -> 3024 | AD35: =IF($AB35=0,"",COUNTIFS($AB$12:$AB$60,1,$AC$12:$AC$60,"<"&$AC35)+1) | AF35: =IF(OR(INDEX(MoTarget,24)="Always",COUNTIF($E$30:$E$51,INDEX(MoTarget,24))>0,COUNTIF($F$30:$F$51,"*"&INDEX(MoTarget,24)&"*")>0),1,0) -> 0 | AG35: =INDEX(MoPriority,24)*1000+24 -> 2024 | AH35: =IF($AF35=0,"",SUMIFS(MoMin,$AF$12:$AF$54,1,$AG$12:$AG$54,"<="&$AG35)) | AI35: =IF(AND($AF35=1,$AH35<=$B$7),1,0) -> 0 | AJ35: =INDEX(MoTypeN,24)*1000+24 -> 4024 | AK35: =IF($AI35=0,"",COUNTIFS($AI$12:$AI$54,1,$AJ$12:$AJ$54,"<"&$AJ35)+1)
A36: 7 | C36: =IF($B36="","",IFERROR(INDEX(ExEquip,MATCH($B36,ExName,0)),"?")) | D36: =IF($B36="","",IFERROR(INDEX(ExPattern,MATCH($B36,ExName,0)),"?")) | E36: =IF($B36="","",IFERROR(INDEX(ExPrimary,MATCH($B36,ExName,0)),"?")) | F36: =IF($B36="","",IFERROR(INDEX(ExSecondary,MATCH($B36,ExName,0)),"")) | G36: =IF($B36="","",IFERROR(INDEX(ExProfile,MATCH($B36,ExName,0)),"?")) | H36: =IF($G36="","",IFERROR(INDEX(PrSets,MATCH($G36&"|"&$B$5,PrKey,0)),"?")) | I36: =IF($G36="","",IFERROR(INDEX(PrReps,MATCH($G36&"|"&$B$5,PrKey,0)),"?")) | J36: =IF($G36="","",IFERROR(INDEX(PrLoad,MATCH($G36&"|"&$B$5,PrKey,0)),"?")) | K36: =IF($B36="","",IF(N($S36)=0,"Bodyweight / RPE",IF(N($R36)=0,"Enter 1RM in library",TEXT(MROUND($R36*$S36,2.5),"0.0")&"–"&TEXT(MROUND($R36*$T36,2.5),"0.0")&" kg"))) | L36: =IF($G36="","",IFERROR(INDEX(PrRest,MATCH($G36&"|"&$B$5,PrKey,0)),"?")) | M36: =IF($G36="","",IFERROR(INDEX(PrNote,MATCH($G36&"|"&$B$5,PrKey,0)),"")) | P36: =IF(OR($B36="",$U36=""),"",IF($U36=0,0,ROUND(($U36*($V36+$W36)+TimeSetup)/60,0))) | R36: =IF($B36="","",IFERROR(INDEX(Ex1RM,MATCH($B36,ExName,0)),"")) | S36: =IF($G36="","",IFERROR(INDEX(PrMin,MATCH($G36&"|"&$B$5,PrKey,0)),"")) | T36: =IF($G36="","",IFERROR(INDEX(PrMax,MATCH($G36&"|"&$B$5,PrKey,0)),"")) | U36: =IF($G36="","",IFERROR(INDEX(PrSetsN,MATCH($G36&"|"&$B$5,PrKey,0)),"")) | V36: =IF($G36="","",IFERROR(INDEX(PrWorkS,MATCH($G36&"|"&$B$5,PrKey,0)),"")) | W36: =IF($G36="","",IFERROR(INDEX(PrRestS,MATCH($G36&"|"&$B$5,PrKey,0)),"")) | Y36: =IF(OR(INDEX(WuTrigger,25)="Always",COUNTIF($D$30:$D$51,INDEX(WuTrigger,25))>0,COUNTIF($E$30:$E$51,INDEX(WuTrigger,25))>0),1,0) -> 0 | Z36: =INDEX(WuPriority,25)*1000+25 -> 5025 | AA36: =IF($Y36=0,"",SUMIFS(WuMin,$Y$12:$Y$60,1,$Z$12:$Z$60,"<="&$Z36)) | AB36: =IF(AND($Y36=1,$AA36<=$B$6),1,0) -> 0 | AC36: =INDEX(WuPhaseN,25)*1000+25 -> 2025 | AD36: =IF($AB36=0,"",COUNTIFS($AB$12:$AB$60,1,$AC$12:$AC$60,"<"&$AC36)+1) | AF36: =IF(OR(INDEX(MoTarget,25)="Always",COUNTIF($E$30:$E$51,INDEX(MoTarget,25))>0,COUNTIF($F$30:$F$51,"*"&INDEX(MoTarget,25)&"*")>0),1,0) -> 0 | AG36: =INDEX(MoPriority,25)*1000+25 -> 2025 | AH36: =IF($AF36=0,"",SUMIFS(MoMin,$AF$12:$AF$54,1,$AG$12:$AG$54,"<="&$AG36)) | AI36: =IF(AND($AF36=1,$AH36<=$B$7),1,0) -> 0 | AJ36: =INDEX(MoTypeN,25)*1000+25 -> 4025 | AK36: =IF($AI36=0,"",COUNTIFS($AI$12:$AI$54,1,$AJ$12:$AJ$54,"<"&$AJ36)+1)
A37: 8 | C37: =IF($B37="","",IFERROR(INDEX(ExEquip,MATCH($B37,ExName,0)),"?")) | D37: =IF($B37="","",IFERROR(INDEX(ExPattern,MATCH($B37,ExName,0)),"?")) | E37: =IF($B37="","",IFERROR(INDEX(ExPrimary,MATCH($B37,ExName,0)),"?")) | F37: =IF($B37="","",IFERROR(INDEX(ExSecondary,MATCH($B37,ExName,0)),"")) | G37: =IF($B37="","",IFERROR(INDEX(ExProfile,MATCH($B37,ExName,0)),"?")) | H37: =IF($G37="","",IFERROR(INDEX(PrSets,MATCH($G37&"|"&$B$5,PrKey,0)),"?")) | I37: =IF($G37="","",IFERROR(INDEX(PrReps,MATCH($G37&"|"&$B$5,PrKey,0)),"?")) | J37: =IF($G37="","",IFERROR(INDEX(PrLoad,MATCH($G37&"|"&$B$5,PrKey,0)),"?")) | K37: =IF($B37="","",IF(N($S37)=0,"Bodyweight / RPE",IF(N($R37)=0,"Enter 1RM in library",TEXT(MROUND($R37*$S37,2.5),"0.0")&"–"&TEXT(MROUND($R37*$T37,2.5),"0.0")&" kg"))) | L37: =IF($G37="","",IFERROR(INDEX(PrRest,MATCH($G37&"|"&$B$5,PrKey,0)),"?")) | M37: =IF($G37="","",IFERROR(INDEX(PrNote,MATCH($G37&"|"&$B$5,PrKey,0)),"")) | P37: =IF(OR($B37="",$U37=""),"",IF($U37=0,0,ROUND(($U37*($V37+$W37)+TimeSetup)/60,0))) | R37: =IF($B37="","",IFERROR(INDEX(Ex1RM,MATCH($B37,ExName,0)),"")) | S37: =IF($G37="","",IFERROR(INDEX(PrMin,MATCH($G37&"|"&$B$5,PrKey,0)),"")) | T37: =IF($G37="","",IFERROR(INDEX(PrMax,MATCH($G37&"|"&$B$5,PrKey,0)),"")) | U37: =IF($G37="","",IFERROR(INDEX(PrSetsN,MATCH($G37&"|"&$B$5,PrKey,0)),"")) | V37: =IF($G37="","",IFERROR(INDEX(PrWorkS,MATCH($G37&"|"&$B$5,PrKey,0)),"")) | W37: =IF($G37="","",IFERROR(INDEX(PrRestS,MATCH($G37&"|"&$B$5,PrKey,0)),"")) | Y37: =IF(OR(INDEX(WuTrigger,26)="Always",COUNTIF($D$30:$D$51,INDEX(WuTrigger,26))>0,COUNTIF($E$30:$E$51,INDEX(WuTrigger,26))>0),1,0) -> 0 | Z37: =INDEX(WuPriority,26)*1000+26 -> 3026 | AA37: =IF($Y37=0,"",SUMIFS(WuMin,$Y$12:$Y$60,1,$Z$12:$Z$60,"<="&$Z37)) | AB37: =IF(AND($Y37=1,$AA37<=$B$6),1,0) -> 0 | AC37: =INDEX(WuPhaseN,26)*1000+26 -> 3026 | AD37: =IF($AB37=0,"",COUNTIFS($AB$12:$AB$60,1,$AC$12:$AC$60,"<"&$AC37)+1) | AF37: =IF(OR(INDEX(MoTarget,26)="Always",COUNTIF($E$30:$E$51,INDEX(MoTarget,26))>0,COUNTIF($F$30:$F$51,"*"&INDEX(MoTarget,26)&"*")>0),1,0) -> 0 | AG37: =INDEX(MoPriority,26)*1000+26 -> 3026 | AH37: =IF($AF37=0,"",SUMIFS(MoMin,$AF$12:$AF$54,1,$AG$12:$AG$54,"<="&$AG37)) | AI37: =IF(AND($AF37=1,$AH37<=$B$7),1,0) -> 0 | AJ37: =INDEX(MoTypeN,26)*1000+26 -> 4026 | AK37: =IF($AI37=0,"",COUNTIFS($AI$12:$AI$54,1,$AJ$12:$AJ$54,"<"&$AJ37)+1)
A38: 9 | C38: =IF($B38="","",IFERROR(INDEX(ExEquip,MATCH($B38,ExName,0)),"?")) | D38: =IF($B38="","",IFERROR(INDEX(ExPattern,MATCH($B38,ExName,0)),"?")) | E38: =IF($B38="","",IFERROR(INDEX(ExPrimary,MATCH($B38,ExName,0)),"?")) | F38: =IF($B38="","",IFERROR(INDEX(ExSecondary,MATCH($B38,ExName,0)),"")) | G38: =IF($B38="","",IFERROR(INDEX(ExProfile,MATCH($B38,ExName,0)),"?")) | H38: =IF($G38="","",IFERROR(INDEX(PrSets,MATCH($G38&"|"&$B$5,PrKey,0)),"?")) | I38: =IF($G38="","",IFERROR(INDEX(PrReps,MATCH($G38&"|"&$B$5,PrKey,0)),"?")) | J38: =IF($G38="","",IFERROR(INDEX(PrLoad,MATCH($G38&"|"&$B$5,PrKey,0)),"?")) | K38: =IF($B38="","",IF(N($S38)=0,"Bodyweight / RPE",IF(N($R38)=0,"Enter 1RM in library",TEXT(MROUND($R38*$S38,2.5),"0.0")&"–"&TEXT(MROUND($R38*$T38,2.5),"0.0")&" kg"))) | L38: =IF($G38="","",IFERROR(INDEX(PrRest,MATCH($G38&"|"&$B$5,PrKey,0)),"?")) | M38: =IF($G38="","",IFERROR(INDEX(PrNote,MATCH($G38&"|"&$B$5,PrKey,0)),"")) | P38: =IF(OR($B38="",$U38=""),"",IF($U38=0,0,ROUND(($U38*($V38+$W38)+TimeSetup)/60,0))) | R38: =IF($B38="","",IFERROR(INDEX(Ex1RM,MATCH($B38,ExName,0)),"")) | S38: =IF($G38="","",IFERROR(INDEX(PrMin,MATCH($G38&"|"&$B$5,PrKey,0)),"")) | T38: =IF($G38="","",IFERROR(INDEX(PrMax,MATCH($G38&"|"&$B$5,PrKey,0)),"")) | U38: =IF($G38="","",IFERROR(INDEX(PrSetsN,MATCH($G38&"|"&$B$5,PrKey,0)),"")) | V38: =IF($G38="","",IFERROR(INDEX(PrWorkS,MATCH($G38&"|"&$B$5,PrKey,0)),"")) | W38: =IF($G38="","",IFERROR(INDEX(PrRestS,MATCH($G38&"|"&$B$5,PrKey,0)),"")) | Y38: =IF(OR(INDEX(WuTrigger,27)="Always",COUNTIF($D$30:$D$51,INDEX(WuTrigger,27))>0,COUNTIF($E$30:$E$51,INDEX(WuTrigger,27))>0),1,0) -> 0 | Z38: =INDEX(WuPriority,27)*1000+27 -> 6027 | AA38: =IF($Y38=0,"",SUMIFS(WuMin,$Y$12:$Y$60,1,$Z$12:$Z$60,"<="&$Z38)) | AB38: =IF(AND($Y38=1,$AA38<=$B$6),1,0) -> 0 | AC38: =INDEX(WuPhaseN,27)*1000+27 -> 2027 | AD38: =IF($AB38=0,"",COUNTIFS($AB$12:$AB$60,1,$AC$12:$AC$60,"<"&$AC38)+1) | AF38: =IF(OR(INDEX(MoTarget,27)="Always",COUNTIF($E$30:$E$51,INDEX(MoTarget,27))>0,COUNTIF($F$30:$F$51,"*"&INDEX(MoTarget,27)&"*")>0),1,0) -> 0 | AG38: =INDEX(MoPriority,27)*1000+27 -> 4027 | AH38: =IF($AF38=0,"",SUMIFS(MoMin,$AF$12:$AF$54,1,$AG$12:$AG$54,"<="&$AG38)) | AI38: =IF(AND($AF38=1,$AH38<=$B$7),1,0) -> 0 | AJ38: =INDEX(MoTypeN,27)*1000+27 -> 4027 | AK38: =IF($AI38=0,"",COUNTIFS($AI$12:$AI$54,1,$AJ$12:$AJ$54,"<"&$AJ38)+1)
A39: 10 | C39: =IF($B39="","",IFERROR(INDEX(ExEquip,MATCH($B39,ExName,0)),"?")) | D39: =IF($B39="","",IFERROR(INDEX(ExPattern,MATCH($B39,ExName,0)),"?")) | E39: =IF($B39="","",IFERROR(INDEX(ExPrimary,MATCH($B39,ExName,0)),"?")) | F39: =IF($B39="","",IFERROR(INDEX(ExSecondary,MATCH($B39,ExName,0)),"")) | G39: =IF($B39="","",IFERROR(INDEX(ExProfile,MATCH($B39,ExName,0)),"?")) | H39: =IF($G39="","",IFERROR(INDEX(PrSets,MATCH($G39&"|"&$B$5,PrKey,0)),"?")) | I39: =IF($G39="","",IFERROR(INDEX(PrReps,MATCH($G39&"|"&$B$5,PrKey,0)),"?")) | J39: =IF($G39="","",IFERROR(INDEX(PrLoad,MATCH($G39&"|"&$B$5,PrKey,0)),"?")) | K39: =IF($B39="","",IF(N($S39)=0,"Bodyweight / RPE",IF(N($R39)=0,"Enter 1RM in library",TEXT(MROUND($R39*$S39,2.5),"0.0")&"–"&TEXT(MROUND($R39*$T39,2.5),"0.0")&" kg"))) | L39: =IF($G39="","",IFERROR(INDEX(PrRest,MATCH($G39&"|"&$B$5,PrKey,0)),"?")) | M39: =IF($G39="","",IFERROR(INDEX(PrNote,MATCH($G39&"|"&$B$5,PrKey,0)),"")) | P39: =IF(OR($B39="",$U39=""),"",IF($U39=0,0,ROUND(($U39*($V39+$W39)+TimeSetup)/60,0))) | R39: =IF($B39="","",IFERROR(INDEX(Ex1RM,MATCH($B39,ExName,0)),"")) | S39: =IF($G39="","",IFERROR(INDEX(PrMin,MATCH($G39&"|"&$B$5,PrKey,0)),"")) | T39: =IF($G39="","",IFERROR(INDEX(PrMax,MATCH($G39&"|"&$B$5,PrKey,0)),"")) | U39: =IF($G39="","",IFERROR(INDEX(PrSetsN,MATCH($G39&"|"&$B$5,PrKey,0)),"")) | V39: =IF($G39="","",IFERROR(INDEX(PrWorkS,MATCH($G39&"|"&$B$5,PrKey,0)),"")) | W39: =IF($G39="","",IFERROR(INDEX(PrRestS,MATCH($G39&"|"&$B$5,PrKey,0)),"")) | Y39: =IF(OR(INDEX(WuTrigger,28)="Always",COUNTIF($D$30:$D$51,INDEX(WuTrigger,28))>0,COUNTIF($E$30:$E$51,INDEX(WuTrigger,28))>0),1,0) -> 0 | Z39: =INDEX(WuPriority,28)*1000+28 -> 2028 | AA39: =IF($Y39=0,"",SUMIFS(WuMin,$Y$12:$Y$60,1,$Z$12:$Z$60,"<="&$Z39)) | AB39: =IF(AND($Y39=1,$AA39<=$B$6),1,0) -> 0 | AC39: =INDEX(WuPhaseN,28)*1000+28 -> 4028 | AD39: =IF($AB39=0,"",COUNTIFS($AB$12:$AB$60,1,$AC$12:$AC$60,"<"&$AC39)+1) | AF39: =IF(OR(INDEX(MoTarget,28)="Always",COUNTIF($E$30:$E$51,INDEX(MoTarget,28))>0,COUNTIF($F$30:$F$51,"*"&INDEX(MoTarget,28)&"*")>0),1,0) -> 0 | AG39: =INDEX(MoPriority,28)*1000+28 -> 4028 | AH39: =IF($AF39=0,"",SUMIFS(MoMin,$AF$12:$AF$54,1,$AG$12:$AG$54,"<="&$AG39)) | AI39: =IF(AND($AF39=1,$AH39<=$B$7),1,0) -> 0 | AJ39: =INDEX(MoTypeN,28)*1000+28 -> 4028 | AK39: =IF($AI39=0,"",COUNTIFS($AI$12:$AI$54,1,$AJ$12:$AJ$54,"<"&$AJ39)+1)
A40: 11 | C40: =IF($B40="","",IFERROR(INDEX(ExEquip,MATCH($B40,ExName,0)),"?")) | D40: =IF($B40="","",IFERROR(INDEX(ExPattern,MATCH($B40,ExName,0)),"?")) | E40: =IF($B40="","",IFERROR(INDEX(ExPrimary,MATCH($B40,ExName,0)),"?")) | F40: =IF($B40="","",IFERROR(INDEX(ExSecondary,MATCH($B40,ExName,0)),"")) | G40: =IF($B40="","",IFERROR(INDEX(ExProfile,MATCH($B40,ExName,0)),"?")) | H40: =IF($G40="","",IFERROR(INDEX(PrSets,MATCH($G40&"|"&$B$5,PrKey,0)),"?")) | I40: =IF($G40="","",IFERROR(INDEX(PrReps,MATCH($G40&"|"&$B$5,PrKey,0)),"?")) | J40: =IF($G40="","",IFERROR(INDEX(PrLoad,MATCH($G40&"|"&$B$5,PrKey,0)),"?")) | K40: =IF($B40="","",IF(N($S40)=0,"Bodyweight / RPE",IF(N($R40)=0,"Enter 1RM in library",TEXT(MROUND($R40*$S40,2.5),"0.0")&"–"&TEXT(MROUND($R40*$T40,2.5),"0.0")&" kg"))) | L40: =IF($G40="","",IFERROR(INDEX(PrRest,MATCH($G40&"|"&$B$5,PrKey,0)),"?")) | M40: =IF($G40="","",IFERROR(INDEX(PrNote,MATCH($G40&"|"&$B$5,PrKey,0)),"")) | P40: =IF(OR($B40="",$U40=""),"",IF($U40=0,0,ROUND(($U40*($V40+$W40)+TimeSetup)/60,0))) | R40: =IF($B40="","",IFERROR(INDEX(Ex1RM,MATCH($B40,ExName,0)),"")) | S40: =IF($G40="","",IFERROR(INDEX(PrMin,MATCH($G40&"|"&$B$5,PrKey,0)),"")) | T40: =IF($G40="","",IFERROR(INDEX(PrMax,MATCH($G40&"|"&$B$5,PrKey,0)),"")) | U40: =IF($G40="","",IFERROR(INDEX(PrSetsN,MATCH($G40&"|"&$B$5,PrKey,0)),"")) | V40: =IF($G40="","",IFERROR(INDEX(PrWorkS,MATCH($G40&"|"&$B$5,PrKey,0)),"")) | W40: =IF($G40="","",IFERROR(INDEX(PrRestS,MATCH($G40&"|"&$B$5,PrKey,0)),"")) | Y40: =IF(OR(INDEX(WuTrigger,29)="Always",COUNTIF($D$30:$D$51,INDEX(WuTrigger,29))>0,COUNTIF($E$30:$E$51,INDEX(WuTrigger,29))>0),1,0) -> 0 | Z40: =INDEX(WuPriority,29)*1000+29 -> 4029 | AA40: =IF($Y40=0,"",SUMIFS(WuMin,$Y$12:$Y$60,1,$Z$12:$Z$60,"<="&$Z40)) | AB40: =IF(AND($Y40=1,$AA40<=$B$6),1,0) -> 0 | AC40: =INDEX(WuPhaseN,29)*1000+29 -> 2029 | AD40: =IF($AB40=0,"",COUNTIFS($AB$12:$AB$60,1,$AC$12:$AC$60,"<"&$AC40)+1) | AF40: =IF(OR(INDEX(MoTarget,29)="Always",COUNTIF($E$30:$E$51,INDEX(MoTarget,29))>0,COUNTIF($F$30:$F$51,"*"&INDEX(MoTarget,29)&"*")>0),1,0) -> 0 | AG40: =INDEX(MoPriority,29)*1000+29 -> 5029 | AH40: =IF($AF40=0,"",SUMIFS(MoMin,$AF$12:$AF$54,1,$AG$12:$AG$54,"<="&$AG40)) | AI40: =IF(AND($AF40=1,$AH40<=$B$7),1,0) -> 0 | AJ40: =INDEX(MoTypeN,29)*1000+29 -> 4029 | AK40: =IF($AI40=0,"",COUNTIFS($AI$12:$AI$54,1,$AJ$12:$AJ$54,"<"&$AJ40)+1)
A41: 12 | C41: =IF($B41="","",IFERROR(INDEX(ExEquip,MATCH($B41,ExName,0)),"?")) | D41: =IF($B41="","",IFERROR(INDEX(ExPattern,MATCH($B41,ExName,0)),"?")) | E41: =IF($B41="","",IFERROR(INDEX(ExPrimary,MATCH($B41,ExName,0)),"?")) | F41: =IF($B41="","",IFERROR(INDEX(ExSecondary,MATCH($B41,ExName,0)),"")) | G41: =IF($B41="","",IFERROR(INDEX(ExProfile,MATCH($B41,ExName,0)),"?")) | H41: =IF($G41="","",IFERROR(INDEX(PrSets,MATCH($G41&"|"&$B$5,PrKey,0)),"?")) | I41: =IF($G41="","",IFERROR(INDEX(PrReps,MATCH($G41&"|"&$B$5,PrKey,0)),"?")) | J41: =IF($G41="","",IFERROR(INDEX(PrLoad,MATCH($G41&"|"&$B$5,PrKey,0)),"?")) | K41: =IF($B41="","",IF(N($S41)=0,"Bodyweight / RPE",IF(N($R41)=0,"Enter 1RM in library",TEXT(MROUND($R41*$S41,2.5),"0.0")&"–"&TEXT(MROUND($R41*$T41,2.5),"0.0")&" kg"))) | L41: =IF($G41="","",IFERROR(INDEX(PrRest,MATCH($G41&"|"&$B$5,PrKey,0)),"?")) | M41: =IF($G41="","",IFERROR(INDEX(PrNote,MATCH($G41&"|"&$B$5,PrKey,0)),"")) | P41: =IF(OR($B41="",$U41=""),"",IF($U41=0,0,ROUND(($U41*($V41+$W41)+TimeSetup)/60,0))) | R41: =IF($B41="","",IFERROR(INDEX(Ex1RM,MATCH($B41,ExName,0)),"")) | S41: =IF($G41="","",IFERROR(INDEX(PrMin,MATCH($G41&"|"&$B$5,PrKey,0)),"")) | T41: =IF($G41="","",IFERROR(INDEX(PrMax,MATCH($G41&"|"&$B$5,PrKey,0)),"")) | U41: =IF($G41="","",IFERROR(INDEX(PrSetsN,MATCH($G41&"|"&$B$5,PrKey,0)),"")) | V41: =IF($G41="","",IFERROR(INDEX(PrWorkS,MATCH($G41&"|"&$B$5,PrKey,0)),"")) | W41: =IF($G41="","",IFERROR(INDEX(PrRestS,MATCH($G41&"|"&$B$5,PrKey,0)),"")) | Y41: =IF(OR(INDEX(WuTrigger,30)="Always",COUNTIF($D$30:$D$51,INDEX(WuTrigger,30))>0,COUNTIF($E$30:$E$51,INDEX(WuTrigger,30))>0),1,0) -> 0 | Z41: =INDEX(WuPriority,30)*1000+30 -> 5030 | AA41: =IF($Y41=0,"",SUMIFS(WuMin,$Y$12:$Y$60,1,$Z$12:$Z$60,"<="&$Z41)) | AB41: =IF(AND($Y41=1,$AA41<=$B$6),1,0) -> 0 | AC41: =INDEX(WuPhaseN,30)*1000+30 -> 2030 | AD41: =IF($AB41=0,"",COUNTIFS($AB$12:$AB$60,1,$AC$12:$AC$60,"<"&$AC41)+1) | AF41: =IF(OR(INDEX(MoTarget,30)="Always",COUNTIF($E$30:$E$51,INDEX(MoTarget,30))>0,COUNTIF($F$30:$F$51,"*"&INDEX(MoTarget,30)&"*")>0),1,0) -> 0 | AG41: =INDEX(MoPriority,30)*1000+30 -> 2030 | AH41: =IF($AF41=0,"",SUMIFS(MoMin,$AF$12:$AF$54,1,$AG$12:$AG$54,"<="&$AG41)) | AI41: =IF(AND($AF41=1,$AH41<=$B$7),1,0) -> 0 | AJ41: =INDEX(MoTypeN,30)*1000+30 -> 3030 | AK41: =IF($AI41=0,"",COUNTIFS($AI$12:$AI$54,1,$AJ$12:$AJ$54,"<"&$AJ41)+1)
A42: 13 | C42: =IF($B42="","",IFERROR(INDEX(ExEquip,MATCH($B42,ExName,0)),"?")) | D42: =IF($B42="","",IFERROR(INDEX(ExPattern,MATCH($B42,ExName,0)),"?")) | E42: =IF($B42="","",IFERROR(INDEX(ExPrimary,MATCH($B42,ExName,0)),"?")) | F42: =IF($B42="","",IFERROR(INDEX(ExSecondary,MATCH($B42,ExName,0)),"")) | G42: =IF($B42="","",IFERROR(INDEX(ExProfile,MATCH($B42,ExName,0)),"?")) | H42: =IF($G42="","",IFERROR(INDEX(PrSets,MATCH($G42&"|"&$B$5,PrKey,0)),"?")) | I42: =IF($G42="","",IFERROR(INDEX(PrReps,MATCH($G42&"|"&$B$5,PrKey,0)),"?")) | J42: =IF($G42="","",IFERROR(INDEX(PrLoad,MATCH($G42&"|"&$B$5,PrKey,0)),"?")) | K42: =IF($B42="","",IF(N($S42)=0,"Bodyweight / RPE",IF(N($R42)=0,"Enter 1RM in library",TEXT(MROUND($R42*$S42,2.5),"0.0")&"–"&TEXT(MROUND($R42*$T42,2.5),"0.0")&" kg"))) | L42: =IF($G42="","",IFERROR(INDEX(PrRest,MATCH($G42&"|"&$B$5,PrKey,0)),"?")) | M42: =IF($G42="","",IFERROR(INDEX(PrNote,MATCH($G42&"|"&$B$5,PrKey,0)),"")) | P42: =IF(OR($B42="",$U42=""),"",IF($U42=0,0,ROUND(($U42*($V42+$W42)+TimeSetup)/60,0))) | R42: =IF($B42="","",IFERROR(INDEX(Ex1RM,MATCH($B42,ExName,0)),"")) | S42: =IF($G42="","",IFERROR(INDEX(PrMin,MATCH($G42&"|"&$B$5,PrKey,0)),"")) | T42: =IF($G42="","",IFERROR(INDEX(PrMax,MATCH($G42&"|"&$B$5,PrKey,0)),"")) | U42: =IF($G42="","",IFERROR(INDEX(PrSetsN,MATCH($G42&"|"&$B$5,PrKey,0)),"")) | V42: =IF($G42="","",IFERROR(INDEX(PrWorkS,MATCH($G42&"|"&$B$5,PrKey,0)),"")) | W42: =IF($G42="","",IFERROR(INDEX(PrRestS,MATCH($G42&"|"&$B$5,PrKey,0)),"")) | Y42: =IF(OR(INDEX(WuTrigger,31)="Always",COUNTIF($D$30:$D$51,INDEX(WuTrigger,31))>0,COUNTIF($E$30:$E$51,INDEX(WuTrigger,31))>0),1,0) -> 0 | Z42: =INDEX(WuPriority,31)*1000+31 -> 3031 | AA42: =IF($Y42=0,"",SUMIFS(WuMin,$Y$12:$Y$60,1,$Z$12:$Z$60,"<="&$Z42)) | AB42: =IF(AND($Y42=1,$AA42<=$B$6),1,0) -> 0 | AC42: =INDEX(WuPhaseN,31)*1000+31 -> 1031 | AD42: =IF($AB42=0,"",COUNTIFS($AB$12:$AB$60,1,$AC$12:$AC$60,"<"&$AC42)+1) | AF42: =IF(OR(INDEX(MoTarget,31)="Always",COUNTIF($E$30:$E$51,INDEX(MoTarget,31))>0,COUNTIF($F$30:$F$51,"*"&INDEX(MoTarget,31)&"*")>0),1,0) -> 0 | AG42: =INDEX(MoPriority,31)*1000+31 -> 2031 | AH42: =IF($AF42=0,"",SUMIFS(MoMin,$AF$12:$AF$54,1,$AG$12:$AG$54,"<="&$AG42)) | AI42: =IF(AND($AF42=1,$AH42<=$B$7),1,0) -> 0 | AJ42: =INDEX(MoTypeN,31)*1000+31 -> 3031 | AK42: =IF($AI42=0,"",COUNTIFS($AI$12:$AI$54,1,$AJ$12:$AJ$54,"<"&$AJ42)+1)
A43: 14 | C43: =IF($B43="","",IFERROR(INDEX(ExEquip,MATCH($B43,ExName,0)),"?")) | D43: =IF($B43="","",IFERROR(INDEX(ExPattern,MATCH($B43,ExName,0)),"?")) | E43: =IF($B43="","",IFERROR(INDEX(ExPrimary,MATCH($B43,ExName,0)),"?")) | F43: =IF($B43="","",IFERROR(INDEX(ExSecondary,MATCH($B43,ExName,0)),"")) | G43: =IF($B43="","",IFERROR(INDEX(ExProfile,MATCH($B43,ExName,0)),"?")) | H43: =IF($G43="","",IFERROR(INDEX(PrSets,MATCH($G43&"|"&$B$5,PrKey,0)),"?")) | I43: =IF($G43="","",IFERROR(INDEX(PrReps,MATCH($G43&"|"&$B$5,PrKey,0)),"?")) | J43: =IF($G43="","",IFERROR(INDEX(PrLoad,MATCH($G43&"|"&$B$5,PrKey,0)),"?")) | K43: =IF($B43="","",IF(N($S43)=0,"Bodyweight / RPE",IF(N($R43)=0,"Enter 1RM in library",TEXT(MROUND($R43*$S43,2.5),"0.0")&"–"&TEXT(MROUND($R43*$T43,2.5),"0.0")&" kg"))) | L43: =IF($G43="","",IFERROR(INDEX(PrRest,MATCH($G43&"|"&$B$5,PrKey,0)),"?")) | M43: =IF($G43="","",IFERROR(INDEX(PrNote,MATCH($G43&"|"&$B$5,PrKey,0)),"")) | P43: =IF(OR($B43="",$U43=""),"",IF($U43=0,0,ROUND(($U43*($V43+$W43)+TimeSetup)/60,0))) | R43: =IF($B43="","",IFERROR(INDEX(Ex1RM,MATCH($B43,ExName,0)),"")) | S43: =IF($G43="","",IFERROR(INDEX(PrMin,MATCH($G43&"|"&$B$5,PrKey,0)),"")) | T43: =IF($G43="","",IFERROR(INDEX(PrMax,MATCH($G43&"|"&$B$5,PrKey,0)),"")) | U43: =IF($G43="","",IFERROR(INDEX(PrSetsN,MATCH($G43&"|"&$B$5,PrKey,0)),"")) | V43: =IF($G43="","",IFERROR(INDEX(PrWorkS,MATCH($G43&"|"&$B$5,PrKey,0)),"")) | W43: =IF($G43="","",IFERROR(INDEX(PrRestS,MATCH($G43&"|"&$B$5,PrKey,0)),"")) | Y43: =IF(OR(INDEX(WuTrigger,32)="Always",COUNTIF($D$30:$D$51,INDEX(WuTrigger,32))>0,COUNTIF($E$30:$E$51,INDEX(WuTrigger,32))>0),1,0) -> 0 | Z43: =INDEX(WuPriority,32)*1000+32 -> 3032 | AA43: =IF($Y43=0,"",SUMIFS(WuMin,$Y$12:$Y$60,1,$Z$12:$Z$60,"<="&$Z43)) | AB43: =IF(AND($Y43=1,$AA43<=$B$6),1,0) -> 0 | AC43: =INDEX(WuPhaseN,32)*1000+32 -> 3032 | AD43: =IF($AB43=0,"",COUNTIFS($AB$12:$AB$60,1,$AC$12:$AC$60,"<"&$AC43)+1) | AF43: =IF(OR(INDEX(MoTarget,32)="Always",COUNTIF($E$30:$E$51,INDEX(MoTarget,32))>0,COUNTIF($F$30:$F$51,"*"&INDEX(MoTarget,32)&"*")>0),1,0) -> 0 | AG43: =INDEX(MoPriority,32)*1000+32 -> 3032 | AH43: =IF($AF43=0,"",SUMIFS(MoMin,$AF$12:$AF$54,1,$AG$12:$AG$54,"<="&$AG43)) | AI43: =IF(AND($AF43=1,$AH43<=$B$7),1,0) -> 0 | AJ43: =INDEX(MoTypeN,32)*1000+32 -> 3032 | AK43: =IF($AI43=0,"",COUNTIFS($AI$12:$AI$54,1,$AJ$12:$AJ$54,"<"&$AJ43)+1)
A44: 15 | C44: =IF($B44="","",IFERROR(INDEX(ExEquip,MATCH($B44,ExName,0)),"?")) | D44: =IF($B44="","",IFERROR(INDEX(ExPattern,MATCH($B44,ExName,0)),"?")) | E44: =IF($B44="","",IFERROR(INDEX(ExPrimary,MATCH($B44,ExName,0)),"?")) | F44: =IF($B44="","",IFERROR(INDEX(ExSecondary,MATCH($B44,ExName,0)),"")) | G44: =IF($B44="","",IFERROR(INDEX(ExProfile,MATCH($B44,ExName,0)),"?")) | H44: =IF($G44="","",IFERROR(INDEX(PrSets,MATCH($G44&"|"&$B$5,PrKey,0)),"?")) | I44: =IF($G44="","",IFERROR(INDEX(PrReps,MATCH($G44&"|"&$B$5,PrKey,0)),"?")) | J44: =IF($G44="","",IFERROR(INDEX(PrLoad,MATCH($G44&"|"&$B$5,PrKey,0)),"?")) | K44: =IF($B44="","",IF(N($S44)=0,"Bodyweight / RPE",IF(N($R44)=0,"Enter 1RM in library",TEXT(MROUND($R44*$S44,2.5),"0.0")&"–"&TEXT(MROUND($R44*$T44,2.5),"0.0")&" kg"))) | L44: =IF($G44="","",IFERROR(INDEX(PrRest,MATCH($G44&"|"&$B$5,PrKey,0)),"?")) | M44: =IF($G44="","",IFERROR(INDEX(PrNote,MATCH($G44&"|"&$B$5,PrKey,0)),"")) | P44: =IF(OR($B44="",$U44=""),"",IF($U44=0,0,ROUND(($U44*($V44+$W44)+TimeSetup)/60,0))) | R44: =IF($B44="","",IFERROR(INDEX(Ex1RM,MATCH($B44,ExName,0)),"")) | S44: =IF($G44="","",IFERROR(INDEX(PrMin,MATCH($G44&"|"&$B$5,PrKey,0)),"")) | T44: =IF($G44="","",IFERROR(INDEX(PrMax,MATCH($G44&"|"&$B$5,PrKey,0)),"")) | U44: =IF($G44="","",IFERROR(INDEX(PrSetsN,MATCH($G44&"|"&$B$5,PrKey,0)),"")) | V44: =IF($G44="","",IFERROR(INDEX(PrWorkS,MATCH($G44&"|"&$B$5,PrKey,0)),"")) | W44: =IF($G44="","",IFERROR(INDEX(PrRestS,MATCH($G44&"|"&$B$5,PrKey,0)),"")) | Y44: =IF(OR(INDEX(WuTrigger,33)="Always",COUNTIF($D$30:$D$51,INDEX(WuTrigger,33))>0,COUNTIF($E$30:$E$51,INDEX(WuTrigger,33))>0),1,0) -> 0 | Z44: =INDEX(WuPriority,33)*1000+33 -> 4033 | AA44: =IF($Y44=0,"",SUMIFS(WuMin,$Y$12:$Y$60,1,$Z$12:$Z$60,"<="&$Z44)) | AB44: =IF(AND($Y44=1,$AA44<=$B$6),1,0) -> 0 | AC44: =INDEX(WuPhaseN,33)*1000+33 -> 3033 | AD44: =IF($AB44=0,"",COUNTIFS($AB$12:$AB$60,1,$AC$12:$AC$60,"<"&$AC44)+1) | AF44: =IF(OR(INDEX(MoTarget,33)="Always",COUNTIF($E$30:$E$51,INDEX(MoTarget,33))>0,COUNTIF($F$30:$F$51,"*"&INDEX(MoTarget,33)&"*")>0),1,0) -> 0 | AG44: =INDEX(MoPriority,33)*1000+33 -> 4033 | AH44: =IF($AF44=0,"",SUMIFS(MoMin,$AF$12:$AF$54,1,$AG$12:$AG$54,"<="&$AG44)) | AI44: =IF(AND($AF44=1,$AH44<=$B$7),1,0) -> 0 | AJ44: =INDEX(MoTypeN,33)*1000+33 -> 3033 | AK44: =IF($AI44=0,"",COUNTIFS($AI$12:$AI$54,1,$AJ$12:$AJ$54,"<"&$AJ44)+1)
A45: 16 | C45: =IF($B45="","",IFERROR(INDEX(ExEquip,MATCH($B45,ExName,0)),"?")) | D45: =IF($B45="","",IFERROR(INDEX(ExPattern,MATCH($B45,ExName,0)),"?")) | E45: =IF($B45="","",IFERROR(INDEX(ExPrimary,MATCH($B45,ExName,0)),"?")) | F45: =IF($B45="","",IFERROR(INDEX(ExSecondary,MATCH($B45,ExName,0)),"")) | G45: =IF($B45="","",IFERROR(INDEX(ExProfile,MATCH($B45,ExName,0)),"?")) | H45: =IF($G45="","",IFERROR(INDEX(PrSets,MATCH($G45&"|"&$B$5,PrKey,0)),"?")) | I45: =IF($G45="","",IFERROR(INDEX(PrReps,MATCH($G45&"|"&$B$5,PrKey,0)),"?")) | J45: =IF($G45="","",IFERROR(INDEX(PrLoad,MATCH($G45&"|"&$B$5,PrKey,0)),"?")) | K45: =IF($B45="","",IF(N($S45)=0,"Bodyweight / RPE",IF(N($R45)=0,"Enter 1RM in library",TEXT(MROUND($R45*$S45,2.5),"0.0")&"–"&TEXT(MROUND($R45*$T45,2.5),"0.0")&" kg"))) | L45: =IF($G45="","",IFERROR(INDEX(PrRest,MATCH($G45&"|"&$B$5,PrKey,0)),"?")) | M45: =IF($G45="","",IFERROR(INDEX(PrNote,MATCH($G45&"|"&$B$5,PrKey,0)),"")) | P45: =IF(OR($B45="",$U45=""),"",IF($U45=0,0,ROUND(($U45*($V45+$W45)+TimeSetup)/60,0))) | R45: =IF($B45="","",IFERROR(INDEX(Ex1RM,MATCH($B45,ExName,0)),"")) | S45: =IF($G45="","",IFERROR(INDEX(PrMin,MATCH($G45&"|"&$B$5,PrKey,0)),"")) | T45: =IF($G45="","",IFERROR(INDEX(PrMax,MATCH($G45&"|"&$B$5,PrKey,0)),"")) | U45: =IF($G45="","",IFERROR(INDEX(PrSetsN,MATCH($G45&"|"&$B$5,PrKey,0)),"")) | V45: =IF($G45="","",IFERROR(INDEX(PrWorkS,MATCH($G45&"|"&$B$5,PrKey,0)),"")) | W45: =IF($G45="","",IFERROR(INDEX(PrRestS,MATCH($G45&"|"&$B$5,PrKey,0)),"")) | Y45: =IF(OR(INDEX(WuTrigger,34)="Always",COUNTIF($D$30:$D$51,INDEX(WuTrigger,34))>0,COUNTIF($E$30:$E$51,INDEX(WuTrigger,34))>0),1,0) -> 0 | Z45: =INDEX(WuPriority,34)*1000+34 -> 4034 | AA45: =IF($Y45=0,"",SUMIFS(WuMin,$Y$12:$Y$60,1,$Z$12:$Z$60,"<="&$Z45)) | AB45: =IF(AND($Y45=1,$AA45<=$B$6),1,0) -> 0 | AC45: =INDEX(WuPhaseN,34)*1000+34 -> 3034 | AD45: =IF($AB45=0,"",COUNTIFS($AB$12:$AB$60,1,$AC$12:$AC$60,"<"&$AC45)+1) | AF45: =IF(OR(INDEX(MoTarget,34)="Always",COUNTIF($E$30:$E$51,INDEX(MoTarget,34))>0,COUNTIF($F$30:$F$51,"*"&INDEX(MoTarget,34)&"*")>0),1,0) -> 0 | AG45: =INDEX(MoPriority,34)*1000+34 -> 3034 | AH45: =IF($AF45=0,"",SUMIFS(MoMin,$AF$12:$AF$54,1,$AG$12:$AG$54,"<="&$AG45)) | AI45: =IF(AND($AF45=1,$AH45<=$B$7),1,0) -> 0 | AJ45: =INDEX(MoTypeN,34)*1000+34 -> 3034 | AK45: =IF($AI45=0,"",COUNTIFS($AI$12:$AI$54,1,$AJ$12:$AJ$54,"<"&$AJ45)+1)
A46: 17 | C46: =IF($B46="","",IFERROR(INDEX(ExEquip,MATCH($B46,ExName,0)),"?")) | D46: =IF($B46="","",IFERROR(INDEX(ExPattern,MATCH($B46,ExName,0)),"?")) | E46: =IF($B46="","",IFERROR(INDEX(ExPrimary,MATCH($B46,ExName,0)),"?")) | F46: =IF($B46="","",IFERROR(INDEX(ExSecondary,MATCH($B46,ExName,0)),"")) | G46: =IF($B46="","",IFERROR(INDEX(ExProfile,MATCH($B46,ExName,0)),"?")) | H46: =IF($G46="","",IFERROR(INDEX(PrSets,MATCH($G46&"|"&$B$5,PrKey,0)),"?")) | I46: =IF($G46="","",IFERROR(INDEX(PrReps,MATCH($G46&"|"&$B$5,PrKey,0)),"?")) | J46: =IF($G46="","",IFERROR(INDEX(PrLoad,MATCH($G46&"|"&$B$5,PrKey,0)),"?")) | K46: =IF($B46="","",IF(N($S46)=0,"Bodyweight / RPE",IF(N($R46)=0,"Enter 1RM in library",TEXT(MROUND($R46*$S46,2.5),"0.0")&"–"&TEXT(MROUND($R46*$T46,2.5),"0.0")&" kg"))) | L46: =IF($G46="","",IFERROR(INDEX(PrRest,MATCH($G46&"|"&$B$5,PrKey,0)),"?")) | M46: =IF($G46="","",IFERROR(INDEX(PrNote,MATCH($G46&"|"&$B$5,PrKey,0)),"")) | P46: =IF(OR($B46="",$U46=""),"",IF($U46=0,0,ROUND(($U46*($V46+$W46)+TimeSetup)/60,0))) | R46: =IF($B46="","",IFERROR(INDEX(Ex1RM,MATCH($B46,ExName,0)),"")) | S46: =IF($G46="","",IFERROR(INDEX(PrMin,MATCH($G46&"|"&$B$5,PrKey,0)),"")) | T46: =IF($G46="","",IFERROR(INDEX(PrMax,MATCH($G46&"|"&$B$5,PrKey,0)),"")) | U46: =IF($G46="","",IFERROR(INDEX(PrSetsN,MATCH($G46&"|"&$B$5,PrKey,0)),"")) | V46: =IF($G46="","",IFERROR(INDEX(PrWorkS,MATCH($G46&"|"&$B$5,PrKey,0)),"")) | W46: =IF($G46="","",IFERROR(INDEX(PrRestS,MATCH($G46&"|"&$B$5,PrKey,0)),"")) | Y46: =IF(OR(INDEX(WuTrigger,35)="Always",COUNTIF($D$30:$D$51,INDEX(WuTrigger,35))>0,COUNTIF($E$30:$E$51,INDEX(WuTrigger,35))>0),1,0) -> 0 | Z46: =INDEX(WuPriority,35)*1000+35 -> 5035 | AA46: =IF($Y46=0,"",SUMIFS(WuMin,$Y$12:$Y$60,1,$Z$12:$Z$60,"<="&$Z46)) | AB46: =IF(AND($Y46=1,$AA46<=$B$6),1,0) -> 0 | AC46: =INDEX(WuPhaseN,35)*1000+35 -> 3035 | AD46: =IF($AB46=0,"",COUNTIFS($AB$12:$AB$60,1,$AC$12:$AC$60,"<"&$AC46)+1) | AF46: =IF(OR(INDEX(MoTarget,35)="Always",COUNTIF($E$30:$E$51,INDEX(MoTarget,35))>0,COUNTIF($F$30:$F$51,"*"&INDEX(MoTarget,35)&"*")>0),1,0) -> 0 | AG46: =INDEX(MoPriority,35)*1000+35 -> 2035 | AH46: =IF($AF46=0,"",SUMIFS(MoMin,$AF$12:$AF$54,1,$AG$12:$AG$54,"<="&$AG46)) | AI46: =IF(AND($AF46=1,$AH46<=$B$7),1,0) -> 0 | AJ46: =INDEX(MoTypeN,35)*1000+35 -> 3035 | AK46: =IF($AI46=0,"",COUNTIFS($AI$12:$AI$54,1,$AJ$12:$AJ$54,"<"&$AJ46)+1)
A47: 18 | C47: =IF($B47="","",IFERROR(INDEX(ExEquip,MATCH($B47,ExName,0)),"?")) | D47: =IF($B47="","",IFERROR(INDEX(ExPattern,MATCH($B47,ExName,0)),"?")) | E47: =IF($B47="","",IFERROR(INDEX(ExPrimary,MATCH($B47,ExName,0)),"?")) | F47: =IF($B47="","",IFERROR(INDEX(ExSecondary,MATCH($B47,ExName,0)),"")) | G47: =IF($B47="","",IFERROR(INDEX(ExProfile,MATCH($B47,ExName,0)),"?")) | H47: =IF($G47="","",IFERROR(INDEX(PrSets,MATCH($G47&"|"&$B$5,PrKey,0)),"?")) | I47: =IF($G47="","",IFERROR(INDEX(PrReps,MATCH($G47&"|"&$B$5,PrKey,0)),"?")) | J47: =IF($G47="","",IFERROR(INDEX(PrLoad,MATCH($G47&"|"&$B$5,PrKey,0)),"?")) | K47: =IF($B47="","",IF(N($S47)=0,"Bodyweight / RPE",IF(N($R47)=0,"Enter 1RM in library",TEXT(MROUND($R47*$S47,2.5),"0.0")&"–"&TEXT(MROUND($R47*$T47,2.5),"0.0")&" kg"))) | L47: =IF($G47="","",IFERROR(INDEX(PrRest,MATCH($G47&"|"&$B$5,PrKey,0)),"?")) | M47: =IF($G47="","",IFERROR(INDEX(PrNote,MATCH($G47&"|"&$B$5,PrKey,0)),"")) | P47: =IF(OR($B47="",$U47=""),"",IF($U47=0,0,ROUND(($U47*($V47+$W47)+TimeSetup)/60,0))) | R47: =IF($B47="","",IFERROR(INDEX(Ex1RM,MATCH($B47,ExName,0)),"")) | S47: =IF($G47="","",IFERROR(INDEX(PrMin,MATCH($G47&"|"&$B$5,PrKey,0)),"")) | T47: =IF($G47="","",IFERROR(INDEX(PrMax,MATCH($G47&"|"&$B$5,PrKey,0)),"")) | U47: =IF($G47="","",IFERROR(INDEX(PrSetsN,MATCH($G47&"|"&$B$5,PrKey,0)),"")) | V47: =IF($G47="","",IFERROR(INDEX(PrWorkS,MATCH($G47&"|"&$B$5,PrKey,0)),"")) | W47: =IF($G47="","",IFERROR(INDEX(PrRestS,MATCH($G47&"|"&$B$5,PrKey,0)),"")) | Y47: =IF(OR(INDEX(WuTrigger,36)="Always",COUNTIF($D$30:$D$51,INDEX(WuTrigger,36))>0,COUNTIF($E$30:$E$51,INDEX(WuTrigger,36))>0),1,0) -> 0 | Z47: =INDEX(WuPriority,36)*1000+36 -> 4036 | AA47: =IF($Y47=0,"",SUMIFS(WuMin,$Y$12:$Y$60,1,$Z$12:$Z$60,"<="&$Z47)) | AB47: =IF(AND($Y47=1,$AA47<=$B$6),1,0) -> 0 | AC47: =INDEX(WuPhaseN,36)*1000+36 -> 3036 | AD47: =IF($AB47=0,"",COUNTIFS($AB$12:$AB$60,1,$AC$12:$AC$60,"<"&$AC47)+1) | AF47: =IF(OR(INDEX(MoTarget,36)="Always",COUNTIF($E$30:$E$51,INDEX(MoTarget,36))>0,COUNTIF($F$30:$F$51,"*"&INDEX(MoTarget,36)&"*")>0),1,0) -> 0 | AG47: =INDEX(MoPriority,36)*1000+36 -> 3036 | AH47: =IF($AF47=0,"",SUMIFS(MoMin,$AF$12:$AF$54,1,$AG$12:$AG$54,"<="&$AG47)) | AI47: =IF(AND($AF47=1,$AH47<=$B$7),1,0) -> 0 | AJ47: =INDEX(MoTypeN,36)*1000+36 -> 3036 | AK47: =IF($AI47=0,"",COUNTIFS($AI$12:$AI$54,1,$AJ$12:$AJ$54,"<"&$AJ47)+1)
A48: 19 | C48: =IF($B48="","",IFERROR(INDEX(ExEquip,MATCH($B48,ExName,0)),"?")) | D48: =IF($B48="","",IFERROR(INDEX(ExPattern,MATCH($B48,ExName,0)),"?")) | E48: =IF($B48="","",IFERROR(INDEX(ExPrimary,MATCH($B48,ExName,0)),"?")) | F48: =IF($B48="","",IFERROR(INDEX(ExSecondary,MATCH($B48,ExName,0)),"")) | G48: =IF($B48="","",IFERROR(INDEX(ExProfile,MATCH($B48,ExName,0)),"?")) | H48: =IF($G48="","",IFERROR(INDEX(PrSets,MATCH($G48&"|"&$B$5,PrKey,0)),"?")) | I48: =IF($G48="","",IFERROR(INDEX(PrReps,MATCH($G48&"|"&$B$5,PrKey,0)),"?")) | J48: =IF($G48="","",IFERROR(INDEX(PrLoad,MATCH($G48&"|"&$B$5,PrKey,0)),"?")) | K48: =IF($B48="","",IF(N($S48)=0,"Bodyweight / RPE",IF(N($R48)=0,"Enter 1RM in library",TEXT(MROUND($R48*$S48,2.5),"0.0")&"–"&TEXT(MROUND($R48*$T48,2.5),"0.0")&" kg"))) | L48: =IF($G48="","",IFERROR(INDEX(PrRest,MATCH($G48&"|"&$B$5,PrKey,0)),"?")) | M48: =IF($G48="","",IFERROR(INDEX(PrNote,MATCH($G48&"|"&$B$5,PrKey,0)),"")) | P48: =IF(OR($B48="",$U48=""),"",IF($U48=0,0,ROUND(($U48*($V48+$W48)+TimeSetup)/60,0))) | R48: =IF($B48="","",IFERROR(INDEX(Ex1RM,MATCH($B48,ExName,0)),"")) | S48: =IF($G48="","",IFERROR(INDEX(PrMin,MATCH($G48&"|"&$B$5,PrKey,0)),"")) | T48: =IF($G48="","",IFERROR(INDEX(PrMax,MATCH($G48&"|"&$B$5,PrKey,0)),"")) | U48: =IF($G48="","",IFERROR(INDEX(PrSetsN,MATCH($G48&"|"&$B$5,PrKey,0)),"")) | V48: =IF($G48="","",IFERROR(INDEX(PrWorkS,MATCH($G48&"|"&$B$5,PrKey,0)),"")) | W48: =IF($G48="","",IFERROR(INDEX(PrRestS,MATCH($G48&"|"&$B$5,PrKey,0)),"")) | Y48: =IF(OR(INDEX(WuTrigger,37)="Always",COUNTIF($D$30:$D$51,INDEX(WuTrigger,37))>0,COUNTIF($E$30:$E$51,INDEX(WuTrigger,37))>0),1,0) -> 0 | Z48: =INDEX(WuPriority,37)*1000+37 -> 4037 | AA48: =IF($Y48=0,"",SUMIFS(WuMin,$Y$12:$Y$60,1,$Z$12:$Z$60,"<="&$Z48)) | AB48: =IF(AND($Y48=1,$AA48<=$B$6),1,0) -> 0 | AC48: =INDEX(WuPhaseN,37)*1000+37 -> 4037 | AD48: =IF($AB48=0,"",COUNTIFS($AB$12:$AB$60,1,$AC$12:$AC$60,"<"&$AC48)+1) | AF48: =IF(OR(INDEX(MoTarget,37)="Always",COUNTIF($E$30:$E$51,INDEX(MoTarget,37))>0,COUNTIF($F$30:$F$51,"*"&INDEX(MoTarget,37)&"*")>0),1,0) -> 0 | AG48: =INDEX(MoPriority,37)*1000+37 -> 4037 | AH48: =IF($AF48=0,"",SUMIFS(MoMin,$AF$12:$AF$54,1,$AG$12:$AG$54,"<="&$AG48)) | AI48: =IF(AND($AF48=1,$AH48<=$B$7),1,0) -> 0 | AJ48: =INDEX(MoTypeN,37)*1000+37 -> 3037 | AK48: =IF($AI48=0,"",COUNTIFS($AI$12:$AI$54,1,$AJ$12:$AJ$54,"<"&$AJ48)+1)
A49: 20 | C49: =IF($B49="","",IFERROR(INDEX(ExEquip,MATCH($B49,ExName,0)),"?")) | D49: =IF($B49="","",IFERROR(INDEX(ExPattern,MATCH($B49,ExName,0)),"?")) | E49: =IF($B49="","",IFERROR(INDEX(ExPrimary,MATCH($B49,ExName,0)),"?")) | F49: =IF($B49="","",IFERROR(INDEX(ExSecondary,MATCH($B49,ExName,0)),"")) | G49: =IF($B49="","",IFERROR(INDEX(ExProfile,MATCH($B49,ExName,0)),"?")) | H49: =IF($G49="","",IFERROR(INDEX(PrSets,MATCH($G49&"|"&$B$5,PrKey,0)),"?")) | I49: =IF($G49="","",IFERROR(INDEX(PrReps,MATCH($G49&"|"&$B$5,PrKey,0)),"?")) | J49: =IF($G49="","",IFERROR(INDEX(PrLoad,MATCH($G49&"|"&$B$5,PrKey,0)),"?")) | K49: =IF($B49="","",IF(N($S49)=0,"Bodyweight / RPE",IF(N($R49)=0,"Enter 1RM in library",TEXT(MROUND($R49*$S49,2.5),"0.0")&"–"&TEXT(MROUND($R49*$T49,2.5),"0.0")&" kg"))) | L49: =IF($G49="","",IFERROR(INDEX(PrRest,MATCH($G49&"|"&$B$5,PrKey,0)),"?")) | M49: =IF($G49="","",IFERROR(INDEX(PrNote,MATCH($G49&"|"&$B$5,PrKey,0)),"")) | P49: =IF(OR($B49="",$U49=""),"",IF($U49=0,0,ROUND(($U49*($V49+$W49)+TimeSetup)/60,0))) | R49: =IF($B49="","",IFERROR(INDEX(Ex1RM,MATCH($B49,ExName,0)),"")) | S49: =IF($G49="","",IFERROR(INDEX(PrMin,MATCH($G49&"|"&$B$5,PrKey,0)),"")) | T49: =IF($G49="","",IFERROR(INDEX(PrMax,MATCH($G49&"|"&$B$5,PrKey,0)),"")) | U49: =IF($G49="","",IFERROR(INDEX(PrSetsN,MATCH($G49&"|"&$B$5,PrKey,0)),"")) | V49: =IF($G49="","",IFERROR(INDEX(PrWorkS,MATCH($G49&"|"&$B$5,PrKey,0)),"")) | W49: =IF($G49="","",IFERROR(INDEX(PrRestS,MATCH($G49&"|"&$B$5,PrKey,0)),"")) | Y49: =IF(OR(INDEX(WuTrigger,38)="Always",COUNTIF($D$30:$D$51,INDEX(WuTrigger,38))>0,COUNTIF($E$30:$E$51,INDEX(WuTrigger,38))>0),1,0) -> 0 | Z49: =INDEX(WuPriority,38)*1000+38 -> 6038 | AA49: =IF($Y49=0,"",SUMIFS(WuMin,$Y$12:$Y$60,1,$Z$12:$Z$60,"<="&$Z49)) | AB49: =IF(AND($Y49=1,$AA49<=$B$6),1,0) -> 0 | AC49: =INDEX(WuPhaseN,38)*1000+38 -> 2038 | AD49: =IF($AB49=0,"",COUNTIFS($AB$12:$AB$60,1,$AC$12:$AC$60,"<"&$AC49)+1) | AF49: =IF(OR(INDEX(MoTarget,38)="Always",COUNTIF($E$30:$E$51,INDEX(MoTarget,38))>0,COUNTIF($F$30:$F$51,"*"&INDEX(MoTarget,38)&"*")>0),1,0) -> 0 | AG49: =INDEX(MoPriority,38)*1000+38 -> 3038 | AH49: =IF($AF49=0,"",SUMIFS(MoMin,$AF$12:$AF$54,1,$AG$12:$AG$54,"<="&$AG49)) | AI49: =IF(AND($AF49=1,$AH49<=$B$7),1,0) -> 0 | AJ49: =INDEX(MoTypeN,38)*1000+38 -> 3038 | AK49: =IF($AI49=0,"",COUNTIFS($AI$12:$AI$54,1,$AJ$12:$AJ$54,"<"&$AJ49)+1)
A50: 21 | C50: =IF($B50="","",IFERROR(INDEX(ExEquip,MATCH($B50,ExName,0)),"?")) | D50: =IF($B50="","",IFERROR(INDEX(ExPattern,MATCH($B50,ExName,0)),"?")) | E50: =IF($B50="","",IFERROR(INDEX(ExPrimary,MATCH($B50,ExName,0)),"?")) | F50: =IF($B50="","",IFERROR(INDEX(ExSecondary,MATCH($B50,ExName,0)),"")) | G50: =IF($B50="","",IFERROR(INDEX(ExProfile,MATCH($B50,ExName,0)),"?")) | H50: =IF($G50="","",IFERROR(INDEX(PrSets,MATCH($G50&"|"&$B$5,PrKey,0)),"?")) | I50: =IF($G50="","",IFERROR(INDEX(PrReps,MATCH($G50&"|"&$B$5,PrKey,0)),"?")) | J50: =IF($G50="","",IFERROR(INDEX(PrLoad,MATCH($G50&"|"&$B$5,PrKey,0)),"?")) | K50: =IF($B50="","",IF(N($S50)=0,"Bodyweight / RPE",IF(N($R50)=0,"Enter 1RM in library",TEXT(MROUND($R50*$S50,2.5),"0.0")&"–"&TEXT(MROUND($R50*$T50,2.5),"0.0")&" kg"))) | L50: =IF($G50="","",IFERROR(INDEX(PrRest,MATCH($G50&"|"&$B$5,PrKey,0)),"?")) | M50: =IF($G50="","",IFERROR(INDEX(PrNote,MATCH($G50&"|"&$B$5,PrKey,0)),"")) | P50: =IF(OR($B50="",$U50=""),"",IF($U50=0,0,ROUND(($U50*($V50+$W50)+TimeSetup)/60,0))) | R50: =IF($B50="","",IFERROR(INDEX(Ex1RM,MATCH($B50,ExName,0)),"")) | S50: =IF($G50="","",IFERROR(INDEX(PrMin,MATCH($G50&"|"&$B$5,PrKey,0)),"")) | T50: =IF($G50="","",IFERROR(INDEX(PrMax,MATCH($G50&"|"&$B$5,PrKey,0)),"")) | U50: =IF($G50="","",IFERROR(INDEX(PrSetsN,MATCH($G50&"|"&$B$5,PrKey,0)),"")) | V50: =IF($G50="","",IFERROR(INDEX(PrWorkS,MATCH($G50&"|"&$B$5,PrKey,0)),"")) | W50: =IF($G50="","",IFERROR(INDEX(PrRestS,MATCH($G50&"|"&$B$5,PrKey,0)),"")) | Y50: =IF(OR(INDEX(WuTrigger,39)="Always",COUNTIF($D$30:$D$51,INDEX(WuTrigger,39))>0,COUNTIF($E$30:$E$51,INDEX(WuTrigger,39))>0),1,0) -> 0 | Z50: =INDEX(WuPriority,39)*1000+39 -> 5039 | AA50: =IF($Y50=0,"",SUMIFS(WuMin,$Y$12:$Y$60,1,$Z$12:$Z$60,"<="&$Z50)) | AB50: =IF(AND($Y50=1,$AA50<=$B$6),1,0) -> 0 | AC50: =INDEX(WuPhaseN,39)*1000+39 -> 3039 | AD50: =IF($AB50=0,"",COUNTIFS($AB$12:$AB$60,1,$AC$12:$AC$60,"<"&$AC50)+1) | AF50: =IF(OR(INDEX(MoTarget,39)="Always",COUNTIF($E$30:$E$51,INDEX(MoTarget,39))>0,COUNTIF($F$30:$F$51,"*"&INDEX(MoTarget,39)&"*")>0),1,0) -> 0 | AG50: =INDEX(MoPriority,39)*1000+39 -> 3039 | AH50: =IF($AF50=0,"",SUMIFS(MoMin,$AF$12:$AF$54,1,$AG$12:$AG$54,"<="&$AG50)) | AI50: =IF(AND($AF50=1,$AH50<=$B$7),1,0) -> 0 | AJ50: =INDEX(MoTypeN,39)*1000+39 -> 3039 | AK50: =IF($AI50=0,"",COUNTIFS($AI$12:$AI$54,1,$AJ$12:$AJ$54,"<"&$AJ50)+1)
A51: 22 | C51: =IF($B51="","",IFERROR(INDEX(ExEquip,MATCH($B51,ExName,0)),"?")) | D51: =IF($B51="","",IFERROR(INDEX(ExPattern,MATCH($B51,ExName,0)),"?")) | E51: =IF($B51="","",IFERROR(INDEX(ExPrimary,MATCH($B51,ExName,0)),"?")) | F51: =IF($B51="","",IFERROR(INDEX(ExSecondary,MATCH($B51,ExName,0)),"")) | G51: =IF($B51="","",IFERROR(INDEX(ExProfile,MATCH($B51,ExName,0)),"?")) | H51: =IF($G51="","",IFERROR(INDEX(PrSets,MATCH($G51&"|"&$B$5,PrKey,0)),"?")) | I51: =IF($G51="","",IFERROR(INDEX(PrReps,MATCH($G51&"|"&$B$5,PrKey,0)),"?")) | J51: =IF($G51="","",IFERROR(INDEX(PrLoad,MATCH($G51&"|"&$B$5,PrKey,0)),"?")) | K51: =IF($B51="","",IF(N($S51)=0,"Bodyweight / RPE",IF(N($R51)=0,"Enter 1RM in library",TEXT(MROUND($R51*$S51,2.5),"0.0")&"–"&TEXT(MROUND($R51*$T51,2.5),"0.0")&" kg"))) | L51: =IF($G51="","",IFERROR(INDEX(PrRest,MATCH($G51&"|"&$B$5,PrKey,0)),"?")) | M51: =IF($G51="","",IFERROR(INDEX(PrNote,MATCH($G51&"|"&$B$5,PrKey,0)),"")) | P51: =IF(OR($B51="",$U51=""),"",IF($U51=0,0,ROUND(($U51*($V51+$W51)+TimeSetup)/60,0))) | R51: =IF($B51="","",IFERROR(INDEX(Ex1RM,MATCH($B51,ExName,0)),"")) | S51: =IF($G51="","",IFERROR(INDEX(PrMin,MATCH($G51&"|"&$B$5,PrKey,0)),"")) | T51: =IF($G51="","",IFERROR(INDEX(PrMax,MATCH($G51&"|"&$B$5,PrKey,0)),"")) | U51: =IF($G51="","",IFERROR(INDEX(PrSetsN,MATCH($G51&"|"&$B$5,PrKey,0)),"")) | V51: =IF($G51="","",IFERROR(INDEX(PrWorkS,MATCH($G51&"|"&$B$5,PrKey,0)),"")) | W51: =IF($G51="","",IFERROR(INDEX(PrRestS,MATCH($G51&"|"&$B$5,PrKey,0)),"")) | Y51: =IF(OR(INDEX(WuTrigger,40)="Always",COUNTIF($D$30:$D$51,INDEX(WuTrigger,40))>0,COUNTIF($E$30:$E$51,INDEX(WuTrigger,40))>0),1,0) -> 0 | Z51: =INDEX(WuPriority,40)*1000+40 -> 5040 | AA51: =IF($Y51=0,"",SUMIFS(WuMin,$Y$12:$Y$60,1,$Z$12:$Z$60,"<="&$Z51)) | AB51: =IF(AND($Y51=1,$AA51<=$B$6),1,0) -> 0 | AC51: =INDEX(WuPhaseN,40)*1000+40 -> 2040 | AD51: =IF($AB51=0,"",COUNTIFS($AB$12:$AB$60,1,$AC$12:$AC$60,"<"&$AC51)+1) | AF51: =IF(OR(INDEX(MoTarget,40)="Always",COUNTIF($E$30:$E$51,INDEX(MoTarget,40))>0,COUNTIF($F$30:$F$51,"*"&INDEX(MoTarget,40)&"*")>0),1,0) -> 0 | AG51: =INDEX(MoPriority,40)*1000+40 -> 3040 | AH51: =IF($AF51=0,"",SUMIFS(MoMin,$AF$12:$AF$54,1,$AG$12:$AG$54,"<="&$AG51)) | AI51: =IF(AND($AF51=1,$AH51<=$B$7),1,0) -> 0 | AJ51: =INDEX(MoTypeN,40)*1000+40 -> 3040 | AK51: =IF($AI51=0,"",COUNTIFS($AI$12:$AI$54,1,$AJ$12:$AJ$54,"<"&$AJ51)+1)
A52: Main session total (min) | P52: =SUM($P$30:$P$51) -> 0 | Y52: =IF(OR(INDEX(WuTrigger,41)="Always",COUNTIF($D$30:$D$51,INDEX(WuTrigger,41))>0,COUNTIF($E$30:$E$51,INDEX(WuTrigger,41))>0),1,0) -> 0 | Z52: =INDEX(WuPriority,41)*1000+41 -> 7041 | AA52: =IF($Y52=0,"",SUMIFS(WuMin,$Y$12:$Y$60,1,$Z$12:$Z$60,"<="&$Z52)) | AB52: =IF(AND($Y52=1,$AA52<=$B$6),1,0) -> 0 | AC52: =INDEX(WuPhaseN,41)*1000+41 -> 2041 | AD52: =IF($AB52=0,"",COUNTIFS($AB$12:$AB$60,1,$AC$12:$AC$60,"<"&$AC52)+1) | AF52: =IF(OR(INDEX(MoTarget,41)="Always",COUNTIF($E$30:$E$51,INDEX(MoTarget,41))>0,COUNTIF($F$30:$F$51,"*"&INDEX(MoTarget,41)&"*")>0),1,0) -> 0 | AG52: =INDEX(MoPriority,41)*1000+41 -> 4041 | AH52: =IF($AF52=0,"",SUMIFS(MoMin,$AF$12:$AF$54,1,$AG$12:$AG$54,"<="&$AG52)) | AI52: =IF(AND($AF52=1,$AH52<=$B$7),1,0) -> 0 | AJ52: =INDEX(MoTypeN,41)*1000+41 -> 3041 | AK52: =IF($AI52=0,"",COUNTIFS($AI$12:$AI$54,1,$AJ$12:$AJ$54,"<"&$AJ52)+1)
Y53: =IF(OR(INDEX(WuTrigger,42)="Always",COUNTIF($D$30:$D$51,INDEX(WuTrigger,42))>0,COUNTIF($E$30:$E$51,INDEX(WuTrigger,42))>0),1,0) -> 0 | Z53: =INDEX(WuPriority,42)*1000+42 -> 6042 | AA53: =IF($Y53=0,"",SUMIFS(WuMin,$Y$12:$Y$60,1,$Z$12:$Z$60,"<="&$Z53)) | AB53: =IF(AND($Y53=1,$AA53<=$B$6),1,0) -> 0 | AC53: =INDEX(WuPhaseN,42)*1000+42 -> 3042 | AD53: =IF($AB53=0,"",COUNTIFS($AB$12:$AB$60,1,$AC$12:$AC$60,"<"&$AC53)+1) | AF53: =IF(OR(INDEX(MoTarget,42)="Always",COUNTIF($E$30:$E$51,INDEX(MoTarget,42))>0,COUNTIF($F$30:$F$51,"*"&INDEX(MoTarget,42)&"*")>0),1,0) -> 0 | AG53: =INDEX(MoPriority,42)*1000+42 -> 3042 | AH53: =IF($AF53=0,"",SUMIFS(MoMin,$AF$12:$AF$54,1,$AG$12:$AG$54,"<="&$AG53)) | AI53: =IF(AND($AF53=1,$AH53<=$B$7),1,0) -> 0 | AJ53: =INDEX(MoTypeN,42)*1000+42 -> 5042 | AK53: =IF($AI53=0,"",COUNTIFS($AI$12:$AI$54,1,$AJ$12:$AJ$54,"<"&$AJ53)+1)
A54: COOL-DOWN — mobility on a mat, picked from the muscles you just trained | Y54: =IF(OR(INDEX(WuTrigger,43)="Always",COUNTIF($D$30:$D$51,INDEX(WuTrigger,43))>0,COUNTIF($E$30:$E$51,INDEX(WuTrigger,43))>0),1,0) -> 0 | Z54: =INDEX(WuPriority,43)*1000+43 -> 6043 | AA54: =IF($Y54=0,"",SUMIFS(WuMin,$Y$12:$Y$60,1,$Z$12:$Z$60,"<="&$Z54)) | AB54: =IF(AND($Y54=1,$AA54<=$B$6),1,0) -> 0 | AC54: =INDEX(WuPhaseN,43)*1000+43 -> 2043 | AD54: =IF($AB54=0,"",COUNTIFS($AB$12:$AB$60,1,$AC$12:$AC$60,"<"&$AC54)+1) | AF54: =IF(OR(INDEX(MoTarget,43)="Always",COUNTIF($E$30:$E$51,INDEX(MoTarget,43))>0,COUNTIF($F$30:$F$51,"*"&INDEX(MoTarget,43)&"*")>0),1,0) -> 0 | AG54: =INDEX(MoPriority,43)*1000+43 -> 4043 | AH54: =IF($AF54=0,"",SUMIFS(MoMin,$AF$12:$AF$54,1,$AG$12:$AG$54,"<="&$AG54)) | AI54: =IF(AND($AF54=1,$AH54<=$B$7),1,0) -> 0 | AJ54: =INDEX(MoTypeN,43)*1000+43 -> 5043 | AK54: =IF($AI54=0,"",COUNTIFS($AI$12:$AI$54,1,$AJ$12:$AJ$54,"<"&$AJ54)+1)
A55: # | B55: Exercise | C55: Type | D55: Target | E55: Min | F55: How to do it | Y55: =IF(OR(INDEX(WuTrigger,44)="Always",COUNTIF($D$30:$D$51,INDEX(WuTrigger,44))>0,COUNTIF($E$30:$E$51,INDEX(WuTrigger,44))>0),1,0) -> 0 | Z55: =INDEX(WuPriority,44)*1000+44 -> 6044 | AA55: =IF($Y55=0,"",SUMIFS(WuMin,$Y$12:$Y$60,1,$Z$12:$Z$60,"<="&$Z55)) | AB55: =IF(AND($Y55=1,$AA55<=$B$6),1,0) -> 0 | AC55: =INDEX(WuPhaseN,44)*1000+44 -> 2044 | AD55: =IF($AB55=0,"",COUNTIFS($AB$12:$AB$60,1,$AC$12:$AC$60,"<"&$AC55)+1)
A56: 1 | B56: =IFERROR(INDEX(MoName,MATCH(1,$AK$12:$AK$54,0)),"") -> Cat-Cow | C56: =IF($B56="","",INDEX(MoType,MATCH(1,$AK$12:$AK$54,0))) -> Flow | D56: =IF($B56="","",INDEX(MoTarget,MATCH(1,$AK$12:$AK$54,0))) -> Always | E56: =IF($B56="","",INDEX(MoMin,MATCH(1,$AK$12:$AK$54,0))) -> 2 | F56: =IF($B56="","",INDEX(MoHow,MATCH(1,$AK$12:$AK$54,0))) -> On all fours. Inhale into extension, exhale into flexion. 10 slow cycles. | Y56: =IF(OR(INDEX(WuTrigger,45)="Always",COUNTIF($D$30:$D$51,INDEX(WuTrigger,45))>0,COUNTIF($E$30:$E$51,INDEX(WuTrigger,45))>0),1,0) -> 0 | Z56: =INDEX(WuPriority,45)*1000+45 -> 7045 | AA56: =IF($Y56=0,"",SUMIFS(WuMin,$Y$12:$Y$60,1,$Z$12:$Z$60,"<="&$Z56)) | AB56: =IF(AND($Y56=1,$AA56<=$B$6),1,0) -> 0 | AC56: =INDEX(WuPhaseN,45)*1000+45 -> 2045 | AD56: =IF($AB56=0,"",COUNTIFS($AB$12:$AB$60,1,$AC$12:$AC$60,"<"&$AC56)+1)
A57: 2 | B57: =IFERROR(INDEX(MoName,MATCH(2,$AK$12:$AK$54,0)),"") -> Downward Dog | C57: =IF($B57="","",INDEX(MoType,MATCH(2,$AK$12:$AK$54,0))) -> Flow | D57: =IF($B57="","",INDEX(MoTarget,MATCH(2,$AK$12:$AK$54,0))) -> Always | E57: =IF($B57="","",INDEX(MoMin,MATCH(2,$AK$12:$AK$54,0))) -> 2 | F57: =IF($B57="","",INDEX(MoHow,MATCH(2,$AK$12:$AK$54,0))) -> Press the floor away, pedal the heels. Hold 60 s, twice. | Y57: =IF(OR(INDEX(WuTrigger,46)="Always",COUNTIF($D$30:$D$51,INDEX(WuTrigger,46))>0,COUNTIF($E$30:$E$51,INDEX(WuTrigger,46))>0),1,0) -> 0 | Z57: =INDEX(WuPriority,46)*1000+46 -> 7046 | AA57: =IF($Y57=0,"",SUMIFS(WuMin,$Y$12:$Y$60,1,$Z$12:$Z$60,"<="&$Z57)) | AB57: =IF(AND($Y57=1,$AA57<=$B$6),1,0) -> 0 | AC57: =INDEX(WuPhaseN,46)*1000+46 -> 3046 | AD57: =IF($AB57=0,"",COUNTIFS($AB$12:$AB$60,1,$AC$12:$AC$60,"<"&$AC57)+1)
A58: 3 | B58: =IFERROR(INDEX(MoName,MATCH(3,$AK$12:$AK$54,0)),"") -> Cobra to Child's Pose | C58: =IF($B58="","",INDEX(MoType,MATCH(3,$AK$12:$AK$54,0))) -> Flow | D58: =IF($B58="","",INDEX(MoTarget,MATCH(3,$AK$12:$AK$54,0))) -> Always | E58: =IF($B58="","",INDEX(MoMin,MATCH(3,$AK$12:$AK$54,0))) -> 3 | F58: =IF($B58="","",INDEX(MoHow,MATCH(3,$AK$12:$AK$54,0))) -> Flow between the two on the breath. 8 rounds, 5 s in each end position. | Y58: =IF(OR(INDEX(WuTrigger,47)="Always",COUNTIF($D$30:$D$51,INDEX(WuTrigger,47))>0,COUNTIF($E$30:$E$51,INDEX(WuTrigger,47))>0),1,0) -> 0 | Z58: =INDEX(WuPriority,47)*1000+47 -> 8047 | AA58: =IF($Y58=0,"",SUMIFS(WuMin,$Y$12:$Y$60,1,$Z$12:$Z$60,"<="&$Z58)) | AB58: =IF(AND($Y58=1,$AA58<=$B$6),1,0) -> 0 | AC58: =INDEX(WuPhaseN,47)*1000+47 -> 3047 | AD58: =IF($AB58=0,"",COUNTIFS($AB$12:$AB$60,1,$AC$12:$AC$60,"<"&$AC58)+1)
A59: 4 | B59: =IFERROR(INDEX(MoName,MATCH(4,$AK$12:$AK$54,0)),"") | C59: =IF($B59="","",INDEX(MoType,MATCH(4,$AK$12:$AK$54,0))) | D59: =IF($B59="","",INDEX(MoTarget,MATCH(4,$AK$12:$AK$54,0))) | E59: =IF($B59="","",INDEX(MoMin,MATCH(4,$AK$12:$AK$54,0))) | F59: =IF($B59="","",INDEX(MoHow,MATCH(4,$AK$12:$AK$54,0))) | Y59: =IF(OR(INDEX(WuTrigger,48)="Always",COUNTIF($D$30:$D$51,INDEX(WuTrigger,48))>0,COUNTIF($E$30:$E$51,INDEX(WuTrigger,48))>0),1,0) -> 0 | Z59: =INDEX(WuPriority,48)*1000+48 -> 8048 | AA59: =IF($Y59=0,"",SUMIFS(WuMin,$Y$12:$Y$60,1,$Z$12:$Z$60,"<="&$Z59)) | AB59: =IF(AND($Y59=1,$AA59<=$B$6),1,0) -> 0 | AC59: =INDEX(WuPhaseN,48)*1000+48 -> 2048 | AD59: =IF($AB59=0,"",COUNTIFS($AB$12:$AB$60,1,$AC$12:$AC$60,"<"&$AC59)+1)
A60: 5 | B60: =IFERROR(INDEX(MoName,MATCH(5,$AK$12:$AK$54,0)),"") | C60: =IF($B60="","",INDEX(MoType,MATCH(5,$AK$12:$AK$54,0))) | D60: =IF($B60="","",INDEX(MoTarget,MATCH(5,$AK$12:$AK$54,0))) | E60: =IF($B60="","",INDEX(MoMin,MATCH(5,$AK$12:$AK$54,0))) | F60: =IF($B60="","",INDEX(MoHow,MATCH(5,$AK$12:$AK$54,0))) | Y60: =IF(OR(INDEX(WuTrigger,49)="Always",COUNTIF($D$30:$D$51,INDEX(WuTrigger,49))>0,COUNTIF($E$30:$E$51,INDEX(WuTrigger,49))>0),1,0) -> 0 | Z60: =INDEX(WuPriority,49)*1000+49 -> 8049 | AA60: =IF($Y60=0,"",SUMIFS(WuMin,$Y$12:$Y$60,1,$Z$12:$Z$60,"<="&$Z60)) | AB60: =IF(AND($Y60=1,$AA60<=$B$6),1,0) -> 0 | AC60: =INDEX(WuPhaseN,49)*1000+49 -> 2049 | AD60: =IF($AB60=0,"",COUNTIFS($AB$12:$AB$60,1,$AC$12:$AC$60,"<"&$AC60)+1)
A61: 6 | B61: =IFERROR(INDEX(MoName,MATCH(6,$AK$12:$AK$54,0)),"") | C61: =IF($B61="","",INDEX(MoType,MATCH(6,$AK$12:$AK$54,0))) | D61: =IF($B61="","",INDEX(MoTarget,MATCH(6,$AK$12:$AK$54,0))) | E61: =IF($B61="","",INDEX(MoMin,MATCH(6,$AK$12:$AK$54,0))) | F61: =IF($B61="","",INDEX(MoHow,MATCH(6,$AK$12:$AK$54,0)))
A62: 7 | B62: =IFERROR(INDEX(MoName,MATCH(7,$AK$12:$AK$54,0)),"") | C62: =IF($B62="","",INDEX(MoType,MATCH(7,$AK$12:$AK$54,0))) | D62: =IF($B62="","",INDEX(MoTarget,MATCH(7,$AK$12:$AK$54,0))) | E62: =IF($B62="","",INDEX(MoMin,MATCH(7,$AK$12:$AK$54,0))) | F62: =IF($B62="","",INDEX(MoHow,MATCH(7,$AK$12:$AK$54,0)))
A63: 8 | B63: =IFERROR(INDEX(MoName,MATCH(8,$AK$12:$AK$54,0)),"") | C63: =IF($B63="","",INDEX(MoType,MATCH(8,$AK$12:$AK$54,0))) | D63: =IF($B63="","",INDEX(MoTarget,MATCH(8,$AK$12:$AK$54,0))) | E63: =IF($B63="","",INDEX(MoMin,MATCH(8,$AK$12:$AK$54,0))) | F63: =IF($B63="","",INDEX(MoHow,MATCH(8,$AK$12:$AK$54,0)))
A64: 9 | B64: =IFERROR(INDEX(MoName,MATCH(9,$AK$12:$AK$54,0)),"") | C64: =IF($B64="","",INDEX(MoType,MATCH(9,$AK$12:$AK$54,0))) | D64: =IF($B64="","",INDEX(MoTarget,MATCH(9,$AK$12:$AK$54,0))) | E64: =IF($B64="","",INDEX(MoMin,MATCH(9,$AK$12:$AK$54,0))) | F64: =IF($B64="","",INDEX(MoHow,MATCH(9,$AK$12:$AK$54,0)))
A65: 10 | B65: =IFERROR(INDEX(MoName,MATCH(10,$AK$12:$AK$54,0)),"") | C65: =IF($B65="","",INDEX(MoType,MATCH(10,$AK$12:$AK$54,0))) | D65: =IF($B65="","",INDEX(MoTarget,MATCH(10,$AK$12:$AK$54,0))) | E65: =IF($B65="","",INDEX(MoMin,MATCH(10,$AK$12:$AK$54,0))) | F65: =IF($B65="","",INDEX(MoHow,MATCH(10,$AK$12:$AK$54,0)))
A66: Cool-down total (min) | E66: =SUMIFS(MoMin,$AI$12:$AI$54,1) -> 7
A68: SESSION TIME ESTIMATE
A69: Warm-up | B69: =$E$26 -> 14 | D69: Estimate is ±15%. It assumes you rest as prescribed and don't queue for equipment.
A70: Main session | B70: =$P$52 -> 0
A71: Cool-down | B71: =$E$66 -> 7
A72: Total (minutes) | B72: =SUM($B$69:$B$71) -> 21
A73: Total (h:mm) | B73: =TEXT($B$72/1440,"h:mm") -> 0:21
A75: SESSION BALANCE
A76: Primary muscle | B76: Exercises | D76: Movement pattern | E76: Exercises
A77: Chest | B77: =COUNTIF($E$30:$E$51,$A77) -> 0 | D77: Squat | E77: =COUNTIF($D$30:$D$51,$D77) -> 0
A78: Back | B78: =COUNTIF($E$30:$E$51,$A78) -> 0 | D78: Hinge | E78: =COUNTIF($D$30:$D$51,$D78) -> 0
A79: Shoulders | B79: =COUNTIF($E$30:$E$51,$A79) -> 0 | D79: Lunge/Single-leg | E79: =COUNTIF($D$30:$D$51,$D79) -> 0
A80: Traps | B80: =COUNTIF($E$30:$E$51,$A80) -> 0 | D80: Horizontal push | E80: =COUNTIF($D$30:$D$51,$D80) -> 0
A81: Biceps | B81: =COUNTIF($E$30:$E$51,$A81) -> 0 | D81: Vertical push | E81: =COUNTIF($D$30:$D$51,$D81) -> 0
A82: Triceps | B82: =COUNTIF($E$30:$E$51,$A82) -> 0 | D82: Horizontal pull | E82: =COUNTIF($D$30:$D$51,$D82) -> 0
A83: Forearms | B83: =COUNTIF($E$30:$E$51,$A83) -> 0 | D83: Vertical pull | E83: =COUNTIF($D$30:$D$51,$D83) -> 0
A84: Quads | B84: =COUNTIF($E$30:$E$51,$A84) -> 0 | D84: Olympic/Explosive | E84: =COUNTIF($D$30:$D$51,$D84) -> 0
A85: Hamstrings | B85: =COUNTIF($E$30:$E$51,$A85) -> 0 | D85: Plyometric | E85: =COUNTIF($D$30:$D$51,$D85) -> 0
A86: Glutes | B86: =COUNTIF($E$30:$E$51,$A86) -> 0 | D86: Core/Anti-movement | E86: =COUNTIF($D$30:$D$51,$D86) -> 0
A87: Adductors | B87: =COUNTIF($E$30:$E$51,$A87) -> 0 | D87: Carry | E87: =COUNTIF($D$30:$D$51,$D87) -> 0
A88: Calves | B88: =COUNTIF($E$30:$E$51,$A88) -> 0 | D88: Isolation | E88: =COUNTIF($D$30:$D$51,$D88) -> 0
A89: Core | B89: =COUNTIF($E$30:$E$51,$A89) -> 0
A90: Full body | B90: =COUNTIF($E$30:$E$51,$A90) -> 0

Sheet Workout C
A1: Workout Builder — Workout C
A3: Workout name | D3: Pick your main exercises first (they drive the warm-up and cool-down), then set the goal and the time budgets.
A4: Date
A5: Goal | B5: Strength
A6: Warm-up budget (min) | B6: 15
A7: Cool-down budget (min) | B7: 8
A8: Session note
A10: WARM-UP — builds itself from the movement patterns and muscles below
A11: # | B11: Drill | C11: Phase | D11: Triggered by | E11: Min | F11: How to do it
A12: 1 | B12: =IFERROR(INDEX(WuName,MATCH(1,$AD$12:$AD$60,0)),"") -> Easy cardio | C12: =IF($B12="","",INDEX(WuPhase,MATCH(1,$AD$12:$AD$60,0))) -> 1 Raise | D12: =IF($B12="","",INDEX(WuTrigger,MATCH(1,$AD$12:$AD$60,0))) -> Always | E12: =IF($B12="","",INDEX(WuMin,MATCH(1,$AD$12:$AD$60,0))) -> 4 | F12: =IF($B12="","",INDEX(WuHow,MATCH(1,$AD$12:$AD$60,0))) -> Bike, row or ski erg at a conversational pace until you break a light sweat. | Y12: =IF(OR(INDEX(WuTrigger,1)="Always",COUNTIF($D$30:$D$51,INDEX(WuTrigger,1))>0,COUNTIF($E$30:$E$51,INDEX(WuTrigger,1))>0),1,0) -> 1 | Z12: =INDEX(WuPriority,1)*1000+1 -> 1001 | AA12: =IF($Y12=0,"",SUMIFS(WuMin,$Y$12:$Y$60,1,$Z$12:$Z$60,"<="&$Z12)) -> 4 | AB12: =IF(AND($Y12=1,$AA12<=$B$6),1,0) -> 1 | AC12: =INDEX(WuPhaseN,1)*1000+1 -> 1001 | AD12: =IF($AB12=0,"",COUNTIFS($AB$12:$AB$60,1,$AC$12:$AC$60,"<"&$AC12)+1) -> 1 | AF12: =IF(OR(INDEX(MoTarget,1)="Always",COUNTIF($E$30:$E$51,INDEX(MoTarget,1))>0,COUNTIF($F$30:$F$51,"*"&INDEX(MoTarget,1)&"*")>0),1,0) -> 1 | AG12: =INDEX(MoPriority,1)*1000+1 -> 1001 | AH12: =IF($AF12=0,"",SUMIFS(MoMin,$AF$12:$AF$54,1,$AG$12:$AG$54,"<="&$AG12)) -> 2 | AI12: =IF(AND($AF12=1,$AH12<=$B$7),1,0) -> 1 | AJ12: =INDEX(MoTypeN,1)*1000+1 -> 1001 | AK12: =IF($AI12=0,"",COUNTIFS($AI$12:$AI$54,1,$AJ$12:$AJ$54,"<"&$AJ12)+1) -> 1
A13: 2 | B13: =IFERROR(INDEX(WuName,MATCH(2,$AD$12:$AD$60,0)),"") -> Joint circles | C13: =IF($B13="","",INDEX(WuPhase,MATCH(2,$AD$12:$AD$60,0))) -> 2 Mobilise | D13: =IF($B13="","",INDEX(WuTrigger,MATCH(2,$AD$12:$AD$60,0))) -> Always | E13: =IF($B13="","",INDEX(WuMin,MATCH(2,$AD$12:$AD$60,0))) -> 2 | F13: =IF($B13="","",INDEX(WuHow,MATCH(2,$AD$12:$AD$60,0))) -> Ankles, hips, thoracic spine, shoulders. 10 slow circles each direction. | Y13: =IF(OR(INDEX(WuTrigger,2)="Always",COUNTIF($D$30:$D$51,INDEX(WuTrigger,2))>0,COUNTIF($E$30:$E$51,INDEX(WuTrigger,2))>0),1,0) -> 1 | Z13: =INDEX(WuPriority,2)*1000+2 -> 5002 | AA13: =IF($Y13=0,"",SUMIFS(WuMin,$Y$12:$Y$60,1,$Z$12:$Z$60,"<="&$Z13)) -> 14 | AB13: =IF(AND($Y13=1,$AA13<=$B$6),1,0) -> 1 | AC13: =INDEX(WuPhaseN,2)*1000+2 -> 2002 | AD13: =IF($AB13=0,"",COUNTIFS($AB$12:$AB$60,1,$AC$12:$AC$60,"<"&$AC13)+1) -> 2 | AF13: =IF(OR(INDEX(MoTarget,2)="Always",COUNTIF($E$30:$E$51,INDEX(MoTarget,2))>0,COUNTIF($F$30:$F$51,"*"&INDEX(MoTarget,2)&"*")>0),1,0) -> 1 | AG13: =INDEX(MoPriority,2)*1000+2 -> 2002 | AH13: =IF($AF13=0,"",SUMIFS(MoMin,$AF$12:$AF$54,1,$AG$12:$AG$54,"<="&$AG13)) -> 4 | AI13: =IF(AND($AF13=1,$AH13<=$B$7),1,0) -> 1 | AJ13: =INDEX(MoTypeN,2)*1000+2 -> 1002 | AK13: =IF($AI13=0,"",COUNTIFS($AI$12:$AI$54,1,$AJ$12:$AJ$54,"<"&$AJ13)+1) -> 2
A14: 3 | B14: =IFERROR(INDEX(WuName,MATCH(3,$AD$12:$AD$60,0)),"") -> World's Greatest Stretch | C14: =IF($B14="","",INDEX(WuPhase,MATCH(3,$AD$12:$AD$60,0))) -> 2 Mobilise | D14: =IF($B14="","",INDEX(WuTrigger,MATCH(3,$AD$12:$AD$60,0))) -> Always | E14: =IF($B14="","",INDEX(WuMin,MATCH(3,$AD$12:$AD$60,0))) -> 3 | F14: =IF($B14="","",INDEX(WuHow,MATCH(3,$AD$12:$AD$60,0))) -> Lunge, elbow to instep, rotate open. 5 per side, no rush. | Y14: =IF(OR(INDEX(WuTrigger,3)="Always",COUNTIF($D$30:$D$51,INDEX(WuTrigger,3))>0,COUNTIF($E$30:$E$51,INDEX(WuTrigger,3))>0),1,0) -> 1 | Z14: =INDEX(WuPriority,3)*1000+3 -> 4003 | AA14: =IF($Y14=0,"",SUMIFS(WuMin,$Y$12:$Y$60,1,$Z$12:$Z$60,"<="&$Z14)) -> 12 | AB14: =IF(AND($Y14=1,$AA14<=$B$6),1,0) -> 1 | AC14: =INDEX(WuPhaseN,3)*1000+3 -> 2003 | AD14: =IF($AB14=0,"",COUNTIFS($AB$12:$AB$60,1,$AC$12:$AC$60,"<"&$AC14)+1) -> 3 | AF14: =IF(OR(INDEX(MoTarget,3)="Always",COUNTIF($E$30:$E$51,INDEX(MoTarget,3))>0,COUNTIF($F$30:$F$51,"*"&INDEX(MoTarget,3)&"*")>0),1,0) -> 1 | AG14: =INDEX(MoPriority,3)*1000+3 -> 3003 | AH14: =IF($AF14=0,"",SUMIFS(MoMin,$AF$12:$AF$54,1,$AG$12:$AG$54,"<="&$AG14)) -> 7 | AI14: =IF(AND($AF14=1,$AH14<=$B$7),1,0) -> 1 | AJ14: =INDEX(MoTypeN,3)*1000+3 -> 1003 | AK14: =IF($AI14=0,"",COUNTIFS($AI$12:$AI$54,1,$AJ$12:$AJ$54,"<"&$AJ14)+1) -> 3
A15: 4 | B15: =IFERROR(INDEX(WuName,MATCH(4,$AD$12:$AD$60,0)),"") -> Specific ramp-up sets | C15: =IF($B15="","",INDEX(WuPhase,MATCH(4,$AD$12:$AD$60,0))) -> 4 Specific | D15: =IF($B15="","",INDEX(WuTrigger,MATCH(4,$AD$12:$AD$60,0))) -> Always | E15: =IF($B15="","",INDEX(WuMin,MATCH(4,$AD$12:$AD$60,0))) -> 5 | F15: =IF($B15="","",INDEX(WuHow,MATCH(4,$AD$12:$AD$60,0))) -> 2–4 progressively heavier sets of your first main lift: roughly 40%, 60%, 80% of the working weight. | Y15: =IF(OR(INDEX(WuTrigger,4)="Always",COUNTIF($D$30:$D$51,INDEX(WuTrigger,4))>0,COUNTIF($E$30:$E$51,INDEX(WuTrigger,4))>0),1,0) -> 1 | Z15: =INDEX(WuPriority,4)*1000+4 -> 2004 | AA15: =IF($Y15=0,"",SUMIFS(WuMin,$Y$12:$Y$60,1,$Z$12:$Z$60,"<="&$Z15)) -> 9 | AB15: =IF(AND($Y15=1,$AA15<=$B$6),1,0) -> 1 | AC15: =INDEX(WuPhaseN,4)*1000+4 -> 4004 | AD15: =IF($AB15=0,"",COUNTIFS($AB$12:$AB$60,1,$AC$12:$AC$60,"<"&$AC15)+1) -> 4 | AF15: =IF(OR(INDEX(MoTarget,4)="Always",COUNTIF($E$30:$E$51,INDEX(MoTarget,4))>0,COUNTIF($F$30:$F$51,"*"&INDEX(MoTarget,4)&"*")>0),1,0) -> 1 | AG15: =INDEX(MoPriority,4)*1000+4 -> 4004 | AH15: =IF($AF15=0,"",SUMIFS(MoMin,$AF$12:$AF$54,1,$AG$12:$AG$54,"<="&$AG15)) -> 9 | AI15: =IF(AND($AF15=1,$AH15<=$B$7),1,0) -> 0 | AJ15: =INDEX(MoTypeN,4)*1000+4 -> 5004 | AK15: =IF($AI15=0,"",COUNTIFS($AI$12:$AI$54,1,$AJ$12:$AJ$54,"<"&$AJ15)+1)
A16: 5 | B16: =IFERROR(INDEX(WuName,MATCH(5,$AD$12:$AD$60,0)),"") | C16: =IF($B16="","",INDEX(WuPhase,MATCH(5,$AD$12:$AD$60,0))) | D16: =IF($B16="","",INDEX(WuTrigger,MATCH(5,$AD$12:$AD$60,0))) | E16: =IF($B16="","",INDEX(WuMin,MATCH(5,$AD$12:$AD$60,0))) | F16: =IF($B16="","",INDEX(WuHow,MATCH(5,$AD$12:$AD$60,0))) | Y16: =IF(OR(INDEX(WuTrigger,5)="Always",COUNTIF($D$30:$D$51,INDEX(WuTrigger,5))>0,COUNTIF($E$30:$E$51,INDEX(WuTrigger,5))>0),1,0) -> 0 | Z16: =INDEX(WuPriority,5)*1000+5 -> 5005 | AA16: =IF($Y16=0,"",SUMIFS(WuMin,$Y$12:$Y$60,1,$Z$12:$Z$60,"<="&$Z16)) | AB16: =IF(AND($Y16=1,$AA16<=$B$6),1,0) -> 0 | AC16: =INDEX(WuPhaseN,5)*1000+5 -> 2005 | AD16: =IF($AB16=0,"",COUNTIFS($AB$12:$AB$60,1,$AC$12:$AC$60,"<"&$AC16)+1) | AF16: =IF(OR(INDEX(MoTarget,5)="Always",COUNTIF($E$30:$E$51,INDEX(MoTarget,5))>0,COUNTIF($F$30:$F$51,"*"&INDEX(MoTarget,5)&"*")>0),1,0) -> 1 | AG16: =INDEX(MoPriority,5)*1000+5 -> 6005 | AH16: =IF($AF16=0,"",SUMIFS(MoMin,$AF$12:$AF$54,1,$AG$12:$AG$54,"<="&$AG16)) -> 12 | AI16: =IF(AND($AF16=1,$AH16<=$B$7),1,0) -> 0 | AJ16: =INDEX(MoTypeN,5)*1000+5 -> 5005 | AK16: =IF($AI16=0,"",COUNTIFS($AI$12:$AI$54,1,$AJ$12:$AJ$54,"<"&$AJ16)+1)
